2026-02-07 00:31:24,786 - Knowledge - INFO - Created shared MongoDB connection pool
2026-02-07 00:31:25,088 - Knowledge - INFO - Starting Knowledge Graph processing with 20 threads
2026-02-07 00:31:25,236 - Knowledge - INFO - Initial configuration: chunk_size=65536, max_cache_size=500
2026-02-07 00:31:25,384 - Knowledge - INFO - Knowledge Graph concurrency configuration: workers=20, max_batch_size=10, max_concurrent_llm_calls=50
2026-02-07 00:31:27,034 - Knowledge - INFO - 🔍 _load_persisted_knowledge called - checking for Redis optimization
2026-02-07 00:31:27,204 - Knowledge - WARNING - ❌ load_from_redis method not found - Redis support not attached
2026-02-07 00:31:27,413 - Knowledge - INFO - load persisted knowledge: begin
2026-02-07 00:31:27,602 - Knowledge - INFO - Loaded 0 files from persisted knowledge
2026-02-07 00:31:27,770 - Knowledge - INFO - load persisted knowledge: end
2026-02-07 00:31:27,962 - Knowledge - WARNING - No persisted knowledge found. Files will be queued during start()
2026-02-07 00:31:28,166 - Knowledge - INFO - Redis support added with prefix knowledge:b5823z3:
2026-02-07 00:31:28,872 - Knowledge - INFO - Starting knowledge initialization for ID: 3cq6yA-b5823z3
2026-02-07 00:31:29,044 - Knowledge - INFO - 🔍 Checking Redis for build_id: b5823z3
2026-02-07 00:31:29,265 - Knowledge - INFO - 🔍 Full session ID: 3cq6yA-b5823z3
2026-02-07 00:31:29,448 - Knowledge - INFO - 🔍 Redis prefix will be: knowledge:b5823z3:
2026-02-07 00:31:29,660 - Knowledge - INFO - 🔍 Using attached load_from_redis() method
2026-02-07 00:31:29,813 - Knowledge - INFO - 🔍 Attempting to load knowledge from Redis...
2026-02-07 00:31:29,997 - Knowledge - INFO - 🔍 Using derived instance_id for Redis lookup: b5823z3
2026-02-07 00:31:30,203 - Knowledge - WARNING - ❌ No Redis cache found
2026-02-07 00:31:30,419 - Knowledge - INFO - 📁 Loading knowledge from disk...
2026-02-07 00:31:30,663 - Knowledge - INFO - load persisted docinfo: begin
2026-02-07 00:31:30,833 - Knowledge - INFO - load persisted docinfo: end
2026-02-07 00:31:30,984 - Knowledge - INFO - 🔍 _load_persisted_knowledge called - checking for Redis optimization
2026-02-07 00:31:31,168 - Knowledge - INFO - ✅ load_from_redis method found - attempting Redis load
2026-02-07 00:31:31,318 - Knowledge - INFO - 🔍 Attempting to load knowledge from Redis...
2026-02-07 00:31:31,469 - Knowledge - INFO - 🔍 Using derived instance_id for Redis lookup: b5823z3
2026-02-07 00:31:31,646 - Knowledge - WARNING - ❌ No Redis cache found
2026-02-07 00:31:31,841 - Knowledge - INFO - ❌ Redis load returned False - falling back to file loading
2026-02-07 00:31:32,025 - Knowledge - INFO - load persisted knowledge: begin
2026-02-07 00:31:32,172 - Knowledge - INFO - Loaded 0 files from persisted knowledge
2026-02-07 00:31:32,338 - Knowledge - INFO - load persisted knowledge: end
2026-02-07 00:31:32,494 - Knowledge - INFO - 📁 Disk load complete in 1.87s
2026-02-07 00:31:32,664 - Knowledge - INFO - Populating ingest queue with source files...
2026-02-07 00:31:33,083 - Knowledge - INFO - Added 395 files from /app/data/T0015/317339/b5823z3/ts-node-317339 to ingest queue
2026-02-07 00:31:33,280 - Knowledge - INFO - [WEBSOCKET] Sent: Type=progress_update, Size: 160, Duration: 0ms
2026-02-07 00:31:33,453 - Knowledge - INFO - Worker kw1 created using shared MongoDB connection pool
2026-02-07 00:31:33,594 - Knowledge - INFO - knowledge worker kw1 start
2026-02-07 00:31:33,594 - Knowledge - INFO - Worker kw2 created using shared MongoDB connection pool
2026-02-07 00:31:33,786 - Knowledge - INFO - [kw1] Queue=395, InProgress=0, PendingWorkers=0/1, Completed=0/395 (0.0%)
2026-02-07 00:31:33,866 - Knowledge - INFO - knowledge worker kw2 start
2026-02-07 00:31:33,866 - Knowledge - INFO - Worker kw3 created using shared MongoDB connection pool
2026-02-07 00:31:33,990 - Knowledge - INFO - Batch sizing: calculated=6, max_allowed=10, queue=395, active_workers=0/2
2026-02-07 00:31:34,070 - Knowledge - INFO - [kw2] Queue=395, InProgress=0, PendingWorkers=0/2, Completed=0/395 (0.0%)
2026-02-07 00:31:34,204 - Knowledge - INFO - knowledge worker kw3 start
2026-02-07 00:31:34,204 - Knowledge - INFO - Worker kw4 created using shared MongoDB connection pool
2026-02-07 00:31:34,275 - Knowledge - INFO - Worker kw1 processing /app/data/T0015/317339/b5823z3/ts-node-317339/child-loader.mjs
2026-02-07 00:31:34,412 - Knowledge - INFO - Batch sizing: calculated=6, max_allowed=10, queue=395, active_workers=1/3
2026-02-07 00:31:34,496 - Knowledge - INFO - [kw3] Queue=389, InProgress=0, PendingWorkers=1/3, Completed=0/395 (0.0%)
2026-02-07 00:31:34,575 - Knowledge - INFO - knowledge worker kw4 start
2026-02-07 00:31:34,575 - Knowledge - INFO - Worker kw5 created using shared MongoDB connection pool
2026-02-07 00:31:34,660 - Knowledge - INFO - Fast-tracked /app/data/T0015/317339/b5823z3/ts-node-317339/child-loader.mjs (ext=.mjs, size=380)
2026-02-07 00:31:34,766 - Knowledge - INFO - Worker kw2 processing /app/data/T0015/317339/b5823z3/ts-node-317339/esm-usage-example/index.js
2026-02-07 00:31:34,857 - Knowledge - INFO - Batch sizing: calculated=6, max_allowed=10, queue=389, active_workers=2/4
2026-02-07 00:31:34,928 - Knowledge - INFO - [kw4] Queue=383, InProgress=0, PendingWorkers=2/4, Completed=0/395 (0.0%)
2026-02-07 00:31:35,013 - Knowledge - INFO - knowledge worker kw5 start
2026-02-07 00:31:35,013 - Knowledge - INFO - Worker kw6 created using shared MongoDB connection pool
2026-02-07 00:31:35,126 - Knowledge - INFO - Worker kw1 processing /app/data/T0015/317339/b5823z3/ts-node-317339/esm-usage-example/package.json
2026-02-07 00:31:35,212 - Knowledge - INFO - Fast-tracked /app/data/T0015/317339/b5823z3/ts-node-317339/esm-usage-example/index.js (ext=.js, size=111)
2026-02-07 00:31:35,292 - Knowledge - INFO - Worker kw3 processing /app/data/T0015/317339/b5823z3/ts-node-317339/scripts/build-pack.js
2026-02-07 00:31:35,405 - Knowledge - INFO - Batch sizing: calculated=6, max_allowed=10, queue=383, active_workers=3/5
2026-02-07 00:31:35,501 - Knowledge - INFO - [kw5] Queue=377, InProgress=0, PendingWorkers=3/5, Completed=0/395 (0.0%)
2026-02-07 00:31:35,595 - Knowledge - INFO - knowledge worker kw6 start
2026-02-07 00:31:35,596 - Knowledge - INFO - Worker kw7 created using shared MongoDB connection pool
2026-02-07 00:31:35,666 - Knowledge - INFO - Fast-tracked /app/data/T0015/317339/b5823z3/ts-node-317339/esm-usage-example/package.json (ext=.json, size=124)
2026-02-07 00:31:35,792 - Knowledge - INFO - Worker kw2 processing /app/data/T0015/317339/b5823z3/ts-node-317339/scripts/create-merged-schema.ts
2026-02-07 00:31:35,911 - Knowledge - INFO - Fast-tracked /app/data/T0015/317339/b5823z3/ts-node-317339/scripts/build-pack.js (ext=.js, size=542)
2026-02-07 00:31:35,999 - Knowledge - INFO - Worker kw4 processing /app/data/T0015/317339/b5823z3/ts-node-317339/src/test/configuration/tsnode-opts-from-tsconfig.spec.ts
2026-02-07 00:31:36,068 - Knowledge - INFO - Batch sizing: calculated=6, max_allowed=10, queue=377, active_workers=4/6
2026-02-07 00:31:36,164 - Knowledge - INFO - [kw6] Queue=371, InProgress=0, PendingWorkers=4/6, Completed=0/395 (0.0%)
2026-02-07 00:31:36,264 - Knowledge - INFO - knowledge worker kw7 start
2026-02-07 00:31:36,264 - Knowledge - INFO - Worker kw8 created using shared MongoDB connection pool
2026-02-07 00:31:36,344 - Knowledge - INFO - Worker kw1 processing /app/data/T0015/317339/b5823z3/ts-node-317339/esm-usage-example/bar.ts
2026-02-07 00:31:36,415 - Knowledge - INFO - Worker kw2 processing /app/data/T0015/317339/b5823z3/ts-node-317339/scripts/build-manifest.mjs
2026-02-07 00:31:36,481 - Knowledge - INFO - Worker kw3 processing /app/data/T0015/317339/b5823z3/ts-node-317339/src/bin-esm.ts
2026-02-07 00:31:36,577 - Knowledge - INFO - Fast-tracked /app/data/T0015/317339/b5823z3/ts-node-317339/src/test/configuration/tsnode-opts-from-tsconfig.spec.ts (ext=.ts, size=5786)
2026-02-07 00:31:36,684 - Knowledge - INFO - Worker kw5 processing /app/data/T0015/317339/b5823z3/ts-node-317339/src/test/tsconfig-bases.spec.ts
2026-02-07 00:31:36,788 - Knowledge - INFO - Batch sizing: calculated=6, max_allowed=10, queue=371, active_workers=5/7
2026-02-07 00:31:36,858 - Knowledge - INFO - [kw7] Queue=365, InProgress=0, PendingWorkers=5/7, Completed=0/395 (0.0%)
2026-02-07 00:31:36,934 - Knowledge - INFO - knowledge worker kw8 start
2026-02-07 00:31:36,934 - Knowledge - INFO - Worker kw9 created using shared MongoDB connection pool
2026-02-07 00:31:37,017 - Knowledge - INFO - Fast-tracked /app/data/T0015/317339/b5823z3/ts-node-317339/esm-usage-example/bar.ts (ext=.ts, size=24)
2026-02-07 00:31:37,095 - Knowledge - INFO - Fast-tracked /app/data/T0015/317339/b5823z3/ts-node-317339/scripts/build-manifest.mjs (ext=.mjs, size=739)
2026-02-07 00:31:37,189 - Knowledge - INFO - Fast-tracked /app/data/T0015/317339/b5823z3/ts-node-317339/src/bin-esm.ts (ext=.ts, size=88)
2026-02-07 00:31:37,317 - Knowledge - INFO - Worker kw4 processing /app/data/T0015/317339/b5823z3/ts-node-317339/src/test/test-loader.mjs
2026-02-07 00:31:37,391 - Knowledge - INFO - Fast-tracked /app/data/T0015/317339/b5823z3/ts-node-317339/src/test/tsconfig-bases.spec.ts (ext=.ts, size=3552)
2026-02-07 00:31:37,487 - Knowledge - INFO - Worker kw6 processing /app/data/T0015/317339/b5823z3/ts-node-317339/src/test/helpers/command-lines.ts
2026-02-07 00:31:37,598 - Knowledge - INFO - Batch sizing: calculated=6, max_allowed=10, queue=365, active_workers=6/8
2026-02-07 00:31:37,697 - Knowledge - INFO - [kw8] Queue=359, InProgress=0, PendingWorkers=6/8, Completed=0/395 (0.0%)
2026-02-07 00:31:37,796 - Knowledge - INFO - knowledge worker kw9 start
2026-02-07 00:31:37,796 - Knowledge - INFO - Worker kw10 created using shared MongoDB connection pool
2026-02-07 00:31:37,913 - Knowledge - INFO - Worker kw1 processing /app/data/T0015/317339/b5823z3/ts-node-317339/esm-usage-example/foo.ts
2026-02-07 00:31:38,001 - Knowledge - INFO - Worker kw2 processing /app/data/T0015/317339/b5823z3/ts-node-317339/scripts/prepack.mjs
2026-02-07 00:31:38,091 - Knowledge - INFO - Worker kw3 processing /app/data/T0015/317339/b5823z3/ts-node-317339/src/test/sourcemaps.spec.ts
2026-02-07 00:31:38,168 - Knowledge - INFO - Fast-tracked /app/data/T0015/317339/b5823z3/ts-node-317339/src/test/test-loader.mjs (ext=.mjs, size=686)
2026-02-07 00:31:38,261 - Knowledge - INFO - Worker kw5 processing /app/data/T0015/317339/b5823z3/ts-node-317339/src/test/diagnostics.spec.ts
2026-02-07 00:31:38,371 - Knowledge - INFO - Fast-tracked /app/data/T0015/317339/b5823z3/ts-node-317339/src/test/helpers/command-lines.ts (ext=.ts, size=609)
2026-02-07 00:31:38,435 - Knowledge - INFO - Worker kw7 processing /app/data/T0015/317339/b5823z3/ts-node-317339/src/test/helpers/index.ts
2026-02-07 00:31:38,545 - Knowledge - INFO - Batch sizing: calculated=6, max_allowed=10, queue=359, active_workers=7/9
2026-02-07 00:31:38,638 - Knowledge - INFO - [kw9] Queue=353, InProgress=0, PendingWorkers=7/9, Completed=0/395 (0.0%)
2026-02-07 00:31:38,740 - Knowledge - INFO - knowledge worker kw10 start
2026-02-07 00:31:38,741 - Knowledge - INFO - Worker kw11 created using shared MongoDB connection pool
2026-02-07 00:31:38,857 - Knowledge - INFO - Fast-tracked /app/data/T0015/317339/b5823z3/ts-node-317339/esm-usage-example/foo.ts (ext=.ts, size=52)
2026-02-07 00:31:38,960 - Knowledge - INFO - Fast-tracked /app/data/T0015/317339/b5823z3/ts-node-317339/scripts/prepack.mjs (ext=.mjs, size=376)
2026-02-07 00:31:39,042 - Knowledge - INFO - Fast-tracked /app/data/T0015/317339/b5823z3/ts-node-317339/src/test/sourcemaps.spec.ts (ext=.ts, size=814)
2026-02-07 00:31:39,107 - Knowledge - INFO - Worker kw4 processing /app/data/T0015/317339/b5823z3/ts-node-317339/src/test/testlib.ts
2026-02-07 00:31:39,193 - Knowledge - INFO - Fast-tracked /app/data/T0015/317339/b5823z3/ts-node-317339/src/test/diagnostics.spec.ts (ext=.ts, size=1655)
2026-02-07 00:31:39,303 - Knowledge - INFO - Worker kw6 processing /app/data/T0015/317339/b5823z3/ts-node-317339/src/test/helpers/exec.ts
2026-02-07 00:31:39,378 - Knowledge - INFO - Fast-tracked /app/data/T0015/317339/b5823z3/ts-node-317339/src/test/helpers/index.ts (ext=.ts, size=244)
2026-02-07 00:31:39,459 - Knowledge - INFO - Worker kw8 processing /app/data/T0015/317339/b5823z3/ts-node-317339/src/test/repl/helpers/macros.ts
2026-02-07 00:31:39,551 - Knowledge - INFO - Batch sizing: calculated=6, max_allowed=10, queue=353, active_workers=8/10
2026-02-07 00:31:39,622 - Knowledge - INFO - [kw10] Queue=347, InProgress=0, PendingWorkers=8/10, Completed=0/395 (0.0%)
2026-02-07 00:31:39,690 - Knowledge - INFO - knowledge worker kw11 start
2026-02-07 00:31:39,691 - Knowledge - INFO - Worker kw12 created using shared MongoDB connection pool
2026-02-07 00:31:39,803 - Knowledge - INFO - Worker kw1 processing /app/data/T0015/317339/b5823z3/ts-node-317339/esm-usage-example/tsconfig.json
2026-02-07 00:31:39,909 - Knowledge - INFO - Worker kw2 processing /app/data/T0015/317339/b5823z3/ts-node-317339/scripts/node-nightly.sh
2026-02-07 00:31:40,010 - Knowledge - INFO - Worker kw3 processing /app/data/T0015/317339/b5823z3/ts-node-317339/src/test/resolver.spec.ts
2026-02-07 00:31:40,086 - Knowledge - INFO - Fast-tracked /app/data/T0015/317339/b5823z3/ts-node-317339/src/test/testlib.ts (ext=.ts, size=115)
2026-02-07 00:31:40,197 - Knowledge - INFO - Worker kw5 processing /app/data/T0015/317339/b5823z3/ts-node-317339/src/test/module-node/1778.spec.ts
2026-02-07 00:31:40,269 - Knowledge - INFO - Fast-tracked /app/data/T0015/317339/b5823z3/ts-node-317339/src/test/helpers/exec.ts (ext=.ts, size=4112)
2026-02-07 00:31:40,340 - Knowledge - INFO - Worker kw7 processing /app/data/T0015/317339/b5823z3/ts-node-317339/src/test/helpers/reset-node-environment.ts
2026-02-07 00:31:40,420 - Knowledge - INFO - Fast-tracked /app/data/T0015/317339/b5823z3/ts-node-317339/src/test/repl/helpers/macros.ts (ext=.ts, size=1162)
2026-02-07 00:31:40,523 - Knowledge - INFO - Worker kw9 processing /app/data/T0015/317339/b5823z3/ts-node-317339/src/test/esm-loader.spec.ts
2026-02-07 00:31:40,640 - Knowledge - INFO - Batch sizing: calculated=6, max_allowed=10, queue=347, active_workers=9/11
2026-02-07 00:31:40,753 - Knowledge - INFO - [kw11] Queue=341, InProgress=0, PendingWorkers=9/11, Completed=0/395 (0.0%)
2026-02-07 00:31:40,822 - Knowledge - INFO - knowledge worker kw12 start
2026-02-07 00:31:40,822 - Knowledge - INFO - Worker kw13 created using shared MongoDB connection pool
2026-02-07 00:31:40,913 - Knowledge - INFO - Fast-tracked /app/data/T0015/317339/b5823z3/ts-node-317339/esm-usage-example/tsconfig.json (ext=.json, size=54)
2026-02-07 00:31:41,038 - Knowledge - INFO - Fast-tracked /app/data/T0015/317339/b5823z3/ts-node-317339/scripts/node-nightly.sh (ext=.sh, size=700)
2026-02-07 00:31:41,122 - Knowledge - INFO - Fast-tracked /app/data/T0015/317339/b5823z3/ts-node-317339/src/test/resolver.spec.ts (ext=.ts, size=27559)
2026-02-07 00:31:41,193 - Knowledge - INFO - Worker kw4 processing /app/data/T0015/317339/b5823z3/ts-node-317339/src/test/create.spec.ts
2026-02-07 00:31:41,270 - Knowledge - INFO - Fast-tracked /app/data/T0015/317339/b5823z3/ts-node-317339/src/test/module-node/1778.spec.ts (ext=.ts, size=786)
2026-02-07 00:31:41,374 - Knowledge - INFO - Worker kw6 processing /app/data/T0015/317339/b5823z3/ts-node-317339/src/test/helpers/ctx-tmp-dir.ts
2026-02-07 00:31:41,462 - Knowledge - INFO - Fast-tracked /app/data/T0015/317339/b5823z3/ts-node-317339/src/test/helpers/reset-node-environment.ts (ext=.ts, size=4018)
2026-02-07 00:31:41,534 - Knowledge - INFO - Worker kw8 processing /app/data/T0015/317339/b5823z3/ts-node-317339/src/test/repl/helpers/misc.ts
2026-02-07 00:31:41,631 - Knowledge - INFO - Fast-tracked /app/data/T0015/317339/b5823z3/ts-node-317339/src/test/esm-loader.spec.ts (ext=.ts, size=15738)
2026-02-07 00:31:41,694 - Knowledge - INFO - Worker kw10 processing /app/data/T0015/317339/b5823z3/ts-node-317339/src/bin-script.ts
2026-02-07 00:31:41,788 - Knowledge - INFO - Batch sizing: calculated=6, max_allowed=10, queue=341, active_workers=10/12
2026-02-07 00:31:41,897 - Knowledge - INFO - [kw12] Queue=335, InProgress=0, PendingWorkers=10/12, Completed=0/395 (0.0%)
2026-02-07 00:31:41,986 - Knowledge - INFO - knowledge worker kw13 start
2026-02-07 00:31:41,987 - Knowledge - INFO - Worker kw14 created using shared MongoDB connection pool
2026-02-07 00:31:42,071 - Knowledge - INFO - Worker kw1 processing /app/data/T0015/317339/b5823z3/ts-node-317339/esm-usage-example/README.md
2026-02-07 00:31:42,178 - Knowledge - INFO - Worker kw2 processing /app/data/T0015/317339/b5823z3/ts-node-317339/scripts/update-schemastore-schema-with-compiler-options.ts
2026-02-07 00:31:42,287 - Knowledge - INFO - Worker kw3 processing /app/data/T0015/317339/b5823z3/ts-node-317339/src/test/pluggable-dep-resolution.spec.ts
2026-02-07 00:31:42,395 - Knowledge - INFO - Fast-tracked /app/data/T0015/317339/b5823z3/ts-node-317339/src/test/create.spec.ts (ext=.ts, size=1069)
2026-02-07 00:31:42,506 - Knowledge - INFO - Worker kw5 processing /app/data/T0015/317339/b5823z3/ts-node-317339/src/test/module-node/module-node.spec.ts
2026-02-07 00:31:42,624 - Knowledge - INFO - Fast-tracked /app/data/T0015/317339/b5823z3/ts-node-317339/src/test/helpers/ctx-tmp-dir.ts (ext=.ts, size=1209)
2026-02-07 00:31:42,732 - Knowledge - INFO - Worker kw7 processing /app/data/T0015/317339/b5823z3/ts-node-317339/src/test/helpers/ctx-ts-node.ts
2026-02-07 00:31:42,832 - Knowledge - INFO - Fast-tracked /app/data/T0015/317339/b5823z3/ts-node-317339/src/test/repl/helpers/misc.ts (ext=.ts, size=155)
2026-02-07 00:31:42,940 - Knowledge - INFO - Worker kw9 processing /app/data/T0015/317339/b5823z3/ts-node-317339/src/test/reminders.spec.ts
2026-02-07 00:31:43,019 - Knowledge - INFO - Fast-tracked /app/data/T0015/317339/b5823z3/ts-node-317339/src/bin-script.ts (ext=.ts, size=95)
2026-02-07 00:31:43,085 - Knowledge - INFO - Worker kw11 processing /app/data/T0015/317339/b5823z3/ts-node-317339/src/child/spawn-child.ts
2026-02-07 00:31:43,161 - Knowledge - INFO - Batch sizing: calculated=6, max_allowed=10, queue=335, active_workers=11/13
2026-02-07 00:31:43,254 - Knowledge - INFO - [kw13] Queue=329, InProgress=0, PendingWorkers=11/13, Completed=0/395 (0.0%)
2026-02-07 00:31:43,355 - Knowledge - INFO - knowledge worker kw14 start
2026-02-07 00:31:43,355 - Knowledge - INFO - Worker kw15 created using shared MongoDB connection pool
2026-02-07 00:31:43,449 - Knowledge - INFO - Fast-tracked /app/data/T0015/317339/b5823z3/ts-node-317339/esm-usage-example/README.md (ext=.md, size=268)
2026-02-07 00:31:43,568 - Knowledge - INFO - Fast-tracked /app/data/T0015/317339/b5823z3/ts-node-317339/scripts/create-merged-schema.ts (small file (2936 bytes))
2026-02-07 00:31:43,660 - Knowledge - INFO - Fast-tracked /app/data/T0015/317339/b5823z3/ts-node-317339/src/test/pluggable-dep-resolution.spec.ts (ext=.ts, size=3541)
2026-02-07 00:31:43,761 - Knowledge - INFO - Worker kw4 processing /app/data/T0015/317339/b5823z3/ts-node-317339/src/test/package.spec.ts
2026-02-07 00:31:43,874 - Knowledge - INFO - Fast-tracked /app/data/T0015/317339/b5823z3/ts-node-317339/src/test/module-node/module-node.spec.ts (ext=.ts, size=11021)
2026-02-07 00:31:43,955 - Knowledge - INFO - Worker kw6 processing /app/data/T0015/317339/b5823z3/ts-node-317339/src/test/helpers/misc.ts
2026-02-07 00:31:44,042 - Knowledge - INFO - Fast-tracked /app/data/T0015/317339/b5823z3/ts-node-317339/src/test/helpers/ctx-ts-node.ts (ext=.ts, size=2862)
2026-02-07 00:31:44,124 - Knowledge - INFO - Worker kw8 processing /app/data/T0015/317339/b5823z3/ts-node-317339/src/test/repl/repl-environment.spec.ts
2026-02-07 00:31:44,217 - Knowledge - INFO - Fast-tracked /app/data/T0015/317339/b5823z3/ts-node-317339/src/test/reminders.spec.ts (ext=.ts, size=1557)
2026-02-07 00:31:44,319 - Knowledge - INFO - Worker kw10 processing /app/data/T0015/317339/b5823z3/ts-node-317339/src/repl.ts
2026-02-07 00:31:44,398 - Knowledge - INFO - Fast-tracked /app/data/T0015/317339/b5823z3/ts-node-317339/src/child/spawn-child.ts (ext=.ts, size=1460)
2026-02-07 00:31:44,503 - Knowledge - INFO - Worker kw12 processing /app/data/T0015/317339/b5823z3/ts-node-317339/src/ts-transpile-module.ts
2026-02-07 00:31:44,568 - Knowledge - INFO - Batch sizing: calculated=6, max_allowed=10, queue=329, active_workers=12/14
2026-02-07 00:31:44,644 - Knowledge - INFO - [kw14] Queue=323, InProgress=0, PendingWorkers=12/14, Completed=0/395 (0.0%)
2026-02-07 00:31:44,715 - Knowledge - INFO - knowledge worker kw15 start
2026-02-07 00:31:44,715 - Knowledge - INFO - Worker kw16 created using shared MongoDB connection pool
2026-02-07 00:31:44,829 - Knowledge - INFO - Processing batch of 6 files
2026-02-07 00:31:44,918 - Knowledge - INFO - Fast-tracked /app/data/T0015/317339/b5823z3/ts-node-317339/scripts/update-schemastore-schema-with-compiler-options.ts (small file (2224 bytes))
2026-02-07 00:31:44,991 - Knowledge - INFO - Worker kw3 processing /app/data/T0015/317339/b5823z3/ts-node-317339/src/test/configuration/resolution.spec.ts
2026-02-07 00:31:45,075 - Knowledge - INFO - Fast-tracked /app/data/T0015/317339/b5823z3/ts-node-317339/src/test/package.spec.ts (ext=.ts, size=2267)
2026-02-07 00:31:45,144 - Knowledge - INFO - Worker kw5 processing /app/data/T0015/317339/b5823z3/ts-node-317339/src/test/transpilers.spec.ts
2026-02-07 00:31:45,227 - Knowledge - INFO - Fast-tracked /app/data/T0015/317339/b5823z3/ts-node-317339/src/test/helpers/misc.ts (ext=.ts, size=664)
2026-02-07 00:31:45,300 - Knowledge - INFO - Worker kw7 processing /app/data/T0015/317339/b5823z3/ts-node-317339/src/test/repl/repl.spec.ts
2026-02-07 00:31:45,369 - Knowledge - INFO - Fast-tracked /app/data/T0015/317339/b5823z3/ts-node-317339/src/test/repl/repl-environment.spec.ts (ext=.ts, size=15727)
2026-02-07 00:31:45,473 - Knowledge - INFO - Worker kw9 processing /app/data/T0015/317339/b5823z3/ts-node-317339/src/test/ts-import-specifiers.spec.ts
2026-02-07 00:31:45,571 - Knowledge - INFO - Worker kw10 processing /app/data/T0015/317339/b5823z3/ts-node-317339/src/child/argv-payload.ts
2026-02-07 00:31:45,672 - Knowledge - INFO - Worker kw11 processing /app/data/T0015/317339/b5823z3/ts-node-317339/src/module-type-classifier.ts
2026-02-07 00:31:45,753 - Knowledge - INFO - Worker kw12 processing /app/data/T0015/317339/b5823z3/ts-node-317339/src/bin-cwd.ts
2026-02-07 00:31:45,863 - Knowledge - INFO - Worker kw13 processing /app/data/T0015/317339/b5823z3/ts-node-317339/src/index.ts
2026-02-07 00:31:45,980 - Knowledge - INFO - Batch sizing: calculated=6, max_allowed=10, queue=323, active_workers=13/15
2026-02-07 00:31:46,089 - Knowledge - INFO - [kw15] Queue=317, InProgress=0, PendingWorkers=13/15, Completed=6/395 (1.5%)
2026-02-07 00:31:46,180 - Knowledge - INFO - knowledge worker kw16 start
2026-02-07 00:31:46,180 - Knowledge - INFO - Worker kw17 created using shared MongoDB connection pool
2026-02-07 00:31:46,255 - Knowledge - INFO - process ingested knowledge for /app/data/T0015/317339/b5823z3/ts-node-317339/child-loader.mjs
2026-02-07 00:31:46,354 - Knowledge - INFO - Processing batch of 6 files
2026-02-07 00:31:46,428 - Knowledge - INFO - Fast-tracked /app/data/T0015/317339/b5823z3/ts-node-317339/src/test/configuration/resolution.spec.ts (ext=.ts, size=2021)
2026-02-07 00:31:46,517 - Knowledge - INFO - Worker kw4 processing /app/data/T0015/317339/b5823z3/ts-node-317339/src/test/index.spec.ts
2026-02-07 00:31:46,590 - Knowledge - INFO - Fast-tracked /app/data/T0015/317339/b5823z3/ts-node-317339/src/test/transpilers.spec.ts (ext=.ts, size=11678)
2026-02-07 00:31:46,656 - Knowledge - INFO - Worker kw6 processing /app/data/T0015/317339/b5823z3/ts-node-317339/src/test/helpers/version-checks.ts
2026-02-07 00:31:46,744 - Knowledge - INFO - Fast-tracked /app/data/T0015/317339/b5823z3/ts-node-317339/src/test/repl/repl.spec.ts (ext=.ts, size=18849)
2026-02-07 00:31:46,836 - Knowledge - INFO - Worker kw8 processing /app/data/T0015/317339/b5823z3/ts-node-317339/src/test/register.spec.ts
2026-02-07 00:31:46,899 - Knowledge - INFO - Fast-tracked /app/data/T0015/317339/b5823z3/ts-node-317339/src/test/ts-import-specifiers.spec.ts (ext=.ts, size=1514)
2026-02-07 00:31:47,020 - Knowledge - INFO - Fast-tracked /app/data/T0015/317339/b5823z3/ts-node-317339/src/child/argv-payload.ts (ext=.ts, size=518)
2026-02-07 00:31:47,119 - Knowledge - INFO - Worker kw11 processing /app/data/T0015/317339/b5823z3/ts-node-317339/src/file-extensions.ts
2026-02-07 00:31:47,256 - Knowledge - INFO - Fast-tracked /app/data/T0015/317339/b5823z3/ts-node-317339/src/bin-cwd.ts (ext=.ts, size=92)
2026-02-07 00:31:47,339 - Knowledge - INFO - Worker kw13 processing /app/data/T0015/317339/b5823z3/ts-node-317339/src/configuration.ts
2026-02-07 00:31:47,454 - Knowledge - INFO - Worker kw14 processing /app/data/T0015/317339/b5823z3/ts-node-317339/src/node-module-type-classifier.ts
2026-02-07 00:31:47,550 - Knowledge - INFO - Batch sizing: calculated=6, max_allowed=10, queue=317, active_workers=14/16
2026-02-07 00:31:47,625 - Knowledge - INFO - [kw16] Queue=311, InProgress=0, PendingWorkers=14/16, Completed=12/395 (3.0%)
2026-02-07 00:31:47,707 - Knowledge - INFO - knowledge worker kw17 start
2026-02-07 00:31:47,707 - Knowledge - INFO - Worker kw18 created using shared MongoDB connection pool
2026-02-07 00:31:47,823 - Knowledge - INFO - process ingested knowledge for /app/data/T0015/317339/b5823z3/ts-node-317339/esm-usage-example/package.json
2026-02-07 00:31:47,898 - Knowledge - INFO - process ingested knowledge for /app/data/T0015/317339/b5823z3/ts-node-317339/esm-usage-example/index.js
2026-02-07 00:31:48,003 - Knowledge - INFO - Processing batch of 6 files
2026-02-07 00:31:48,046 - Knowledge - INFO - Fast-tracked /app/data/T0015/317339/b5823z3/ts-node-317339/src/test/index.spec.ts (ext=.ts, size=20777)
2026-02-07 00:31:48,163 - Knowledge - INFO - Worker kw5 processing /app/data/T0015/317339/b5823z3/ts-node-317339/src/test/remove-env-var-force-color.js
2026-02-07 00:31:48,273 - Knowledge - INFO - Fast-tracked /app/data/T0015/317339/b5823z3/ts-node-317339/src/test/helpers/version-checks.ts (ext=.ts, size=2824)
2026-02-07 00:31:48,345 - Knowledge - INFO - Worker kw7 processing /app/data/T0015/317339/b5823z3/ts-node-317339/src/test/repl/node-repl-tla.ts
2026-02-07 00:31:48,446 - Knowledge - INFO - Fast-tracked /app/data/T0015/317339/b5823z3/ts-node-317339/src/test/register.spec.ts (ext=.ts, size=5588)
2026-02-07 00:31:48,530 - Knowledge - INFO - Worker kw9 processing /app/data/T0015/317339/b5823z3/ts-node-317339/src/test/transpile-only.spec.ts
2026-02-07 00:31:48,616 - Knowledge - INFO - Worker kw10 processing /app/data/T0015/317339/b5823z3/ts-node-317339/src/child/child-entrypoint.ts
2026-02-07 00:31:48,694 - Knowledge - INFO - Worker kw11 processing /app/data/T0015/317339/b5823z3/ts-node-317339/src/esm.ts
2026-02-07 00:31:48,760 - Knowledge - INFO - Worker kw12 processing /app/data/T0015/317339/b5823z3/ts-node-317339/src/ts-internals.ts
2026-02-07 00:31:48,848 - Knowledge - INFO - Worker kw13 processing /app/data/T0015/317339/b5823z3/ts-node-317339/src/cjs-resolve-hooks.ts
2026-02-07 00:31:48,944 - Knowledge - INFO - Fast-tracked /app/data/T0015/317339/b5823z3/ts-node-317339/src/node-module-type-classifier.ts (ext=.ts, size=1264)
2026-02-07 00:31:49,025 - Knowledge - INFO - Worker kw15 processing /app/data/T0015/317339/b5823z3/ts-node-317339/raw/node-internal-modules-esm-resolve-v15.3.0-stripped.js
2026-02-07 00:31:49,148 - Knowledge - INFO - Batch sizing: calculated=6, max_allowed=10, queue=311, active_workers=15/17
2026-02-07 00:31:49,238 - Knowledge - INFO - [kw17] Queue=305, InProgress=0, PendingWorkers=15/17, Completed=18/395 (4.6%)
2026-02-07 00:31:49,318 - Knowledge - INFO - knowledge worker kw18 start
2026-02-07 00:31:49,318 - Knowledge - INFO - Worker kw19 created using shared MongoDB connection pool
2026-02-07 00:31:49,414 - Knowledge - INFO - process ingested knowledge for /app/data/T0015/317339/b5823z3/ts-node-317339/esm-usage-example/bar.ts
2026-02-07 00:31:49,487 - Knowledge - INFO - process ingested knowledge for /app/data/T0015/317339/b5823z3/ts-node-317339/scripts/create-merged-schema.ts
2026-02-07 00:31:49,618 - Knowledge - INFO - process ingested knowledge for /app/data/T0015/317339/b5823z3/ts-node-317339/scripts/build-pack.js
2026-02-07 00:31:49,796 - Knowledge - INFO - Processing batch of 6 files
2026-02-07 00:31:49,874 - Knowledge - INFO - Fast-tracked /app/data/T0015/317339/b5823z3/ts-node-317339/src/test/remove-env-var-force-color.js (ext=.js, size=103)
2026-02-07 00:31:49,955 - Knowledge - INFO - Worker kw6 processing /app/data/T0015/317339/b5823z3/ts-node-317339/src/test/helpers/paths.ts
2026-02-07 00:31:50,063 - Knowledge - INFO - Fast-tracked /app/data/T0015/317339/b5823z3/ts-node-317339/src/test/repl/node-repl-tla.ts (ext=.ts, size=8296)
2026-02-07 00:31:50,155 - Knowledge - INFO - Worker kw8 processing /app/data/T0015/317339/b5823z3/ts-node-317339/src/test/test-loader.d.ts
2026-02-07 00:31:50,234 - Knowledge - INFO - Fast-tracked /app/data/T0015/317339/b5823z3/ts-node-317339/src/test/transpile-only.spec.ts (ext=.ts, size=1665)
2026-02-07 00:31:50,349 - Knowledge - INFO - Fast-tracked /app/data/T0015/317339/b5823z3/ts-node-317339/src/child/child-entrypoint.ts (ext=.ts, size=904)
2026-02-07 00:31:50,423 - Knowledge - INFO - Worker kw11 processing /app/data/T0015/317339/b5823z3/ts-node-317339/src/ts-compiler-types.ts
2026-02-07 00:31:50,500 - Knowledge - INFO - Worker kw12 processing /app/data/T0015/317339/b5823z3/ts-node-317339/src/tsconfigs.ts
2026-02-07 00:31:50,634 - Knowledge - INFO - Fast-tracked /app/data/T0015/317339/b5823z3/ts-node-317339/src/cjs-resolve-hooks.ts (ext=.ts, size=1686)
2026-02-07 00:31:50,702 - Knowledge - INFO - Worker kw14 processing /app/data/T0015/317339/b5823z3/ts-node-317339/node20/tsconfig.json
2026-02-07 00:31:50,787 - Knowledge - INFO - Worker kw15 processing /app/data/T0015/317339/b5823z3/ts-node-317339/raw/node-internal-modules-cjs-loader-2d5d77306f6dff9110c1f77fefab25f973415770.js
2026-02-07 00:31:50,871 - Knowledge - INFO - Worker kw16 processing /app/data/T0015/317339/b5823z3/ts-node-317339/raw/node-internal-modules-cjs-loader-v15.3.0.js
2026-02-07 00:31:50,984 - Knowledge - INFO - Batch sizing: calculated=6, max_allowed=10, queue=305, active_workers=16/18
2026-02-07 00:31:51,108 - Knowledge - INFO - [kw18] Queue=299, InProgress=0, PendingWorkers=16/18, Completed=24/395 (6.1%)
2026-02-07 00:31:51,181 - Knowledge - INFO - knowledge worker kw19 start
2026-02-07 00:31:51,181 - Knowledge - INFO - Worker kw20 created using shared MongoDB connection pool
2026-02-07 00:31:51,286 - Knowledge - INFO - process ingested knowledge for /app/data/T0015/317339/b5823z3/ts-node-317339/esm-usage-example/foo.ts
2026-02-07 00:31:51,361 - Knowledge - INFO - process ingested knowledge for /app/data/T0015/317339/b5823z3/ts-node-317339/scripts/build-manifest.mjs
2026-02-07 00:31:51,467 - Knowledge - INFO - process ingested knowledge for /app/data/T0015/317339/b5823z3/ts-node-317339/src/bin-esm.ts
2026-02-07 00:31:51,579 - Knowledge - INFO - process ingested knowledge for /app/data/T0015/317339/b5823z3/ts-node-317339/src/test/configuration/tsnode-opts-from-tsconfig.spec.ts
2026-02-07 00:31:51,708 - Knowledge - INFO - Processing batch of 6 files
2026-02-07 00:31:51,760 - Knowledge - INFO - Fast-tracked /app/data/T0015/317339/b5823z3/ts-node-317339/src/test/helpers/paths.ts (ext=.ts, size=888)
2026-02-07 00:31:51,876 - Knowledge - INFO - Worker kw7 processing /app/data/T0015/317339/b5823z3/ts-node-317339/src/test/repl/helpers/ctx-repl.ts
2026-02-07 00:31:51,960 - Knowledge - INFO - Fast-tracked /app/data/T0015/317339/b5823z3/ts-node-317339/src/test/test-loader.d.ts (ext=.ts, size=129)
2026-02-07 00:31:52,068 - Knowledge - INFO - Worker kw9 processing /app/data/T0015/317339/b5823z3/ts-node-317339/src/test/regression.spec.ts
2026-02-07 00:31:52,148 - Knowledge - INFO - Worker kw10 processing /app/data/T0015/317339/b5823z3/ts-node-317339/src/child/child-loader.ts
2026-02-07 00:31:52,246 - Knowledge - INFO - Worker kw11 processing /app/data/T0015/317339/b5823z3/ts-node-317339/src/bin.ts
2026-02-07 00:31:52,326 - Knowledge - INFO - Fast-tracked /app/data/T0015/317339/b5823z3/ts-node-317339/src/tsconfigs.ts (ext=.ts, size=1903)
2026-02-07 00:31:52,407 - Knowledge - INFO - Worker kw13 processing /app/data/T0015/317339/b5823z3/ts-node-317339/src/util.ts
2026-02-07 00:31:52,490 - Knowledge - INFO - Fast-tracked /app/data/T0015/317339/b5823z3/ts-node-317339/node20/tsconfig.json (ext=.json, size=50)
2026-02-07 00:31:52,566 - Knowledge - INFO - Worker kw15 processing /app/data/T0015/317339/b5823z3/ts-node-317339/raw/node-internal-modules-esm-resolve-v15.3.0.js
2026-02-07 00:31:52,642 - Knowledge - INFO - Worker kw16 processing /app/data/T0015/317339/b5823z3/ts-node-317339/raw/node-internal-modules-esm-resolve-v13.12.0.js
2026-02-07 00:31:52,745 - Knowledge - INFO - Worker kw17 processing /app/data/T0015/317339/b5823z3/ts-node-317339/raw/node-internal-modules-package_json_reader-v15.3.0.js
2026-02-07 00:31:52,845 - Knowledge - INFO - Batch sizing: calculated=6, max_allowed=10, queue=299, active_workers=17/19
2026-02-07 00:31:52,909 - Knowledge - INFO - [kw19] Queue=293, InProgress=0, PendingWorkers=17/19, Completed=30/395 (7.6%)
2026-02-07 00:31:52,984 - Knowledge - INFO - knowledge worker kw20 start
2026-02-07 00:31:53,058 - Knowledge - INFO - process ingested knowledge for /app/data/T0015/317339/b5823z3/ts-node-317339/esm-usage-example/tsconfig.json
2026-02-07 00:31:53,135 - Knowledge - INFO - process ingested knowledge for /app/data/T0015/317339/b5823z3/ts-node-317339/scripts/prepack.mjs
2026-02-07 00:31:53,206 - Knowledge - INFO - process ingested knowledge for /app/data/T0015/317339/b5823z3/ts-node-317339/src/test/sourcemaps.spec.ts
2026-02-07 00:31:53,279 - Knowledge - INFO - process ingested knowledge for /app/data/T0015/317339/b5823z3/ts-node-317339/src/test/test-loader.mjs
2026-02-07 00:31:53,391 - Knowledge - INFO - process ingested knowledge for /app/data/T0015/317339/b5823z3/ts-node-317339/src/test/tsconfig-bases.spec.ts
2026-02-07 00:31:53,529 - Knowledge - INFO - Processing batch of 6 files
2026-02-07 00:31:53,599 - Knowledge - INFO - Fast-tracked /app/data/T0015/317339/b5823z3/ts-node-317339/src/test/repl/helpers/ctx-repl.ts (ext=.ts, size=3003)
2026-02-07 00:31:53,719 - Knowledge - INFO - Worker kw8 processing /app/data/T0015/317339/b5823z3/ts-node-317339/src/test/ci-node-and-ts-versions.spec.ts
2026-02-07 00:31:53,837 - Knowledge - INFO - Fast-tracked /app/data/T0015/317339/b5823z3/ts-node-317339/src/test/regression.spec.ts (ext=.ts, size=3647)
2026-02-07 00:31:53,924 - Knowledge - INFO - Fast-tracked /app/data/T0015/317339/b5823z3/ts-node-317339/src/child/child-loader.ts (ext=.ts, size=1057)
2026-02-07 00:31:54,011 - Knowledge - INFO - Fast-tracked /app/data/T0015/317339/b5823z3/ts-node-317339/src/module-type-classifier.ts (small file (2786 bytes))
2026-02-07 00:31:54,097 - Knowledge - INFO - Worker kw12 processing /app/data/T0015/317339/b5823z3/ts-node-317339/src/bin-transpile.ts
2026-02-07 00:31:54,212 - Knowledge - INFO - Worker kw13 processing /app/data/T0015/317339/b5823z3/ts-node-317339/src/transpilers/swc.ts
2026-02-07 00:31:54,299 - Knowledge - INFO - Worker kw14 processing /app/data/T0015/317339/b5823z3/ts-node-317339/tsconfig.build-dist.json
2026-02-07 00:31:54,379 - Knowledge - INFO - Worker kw15 processing /app/data/T0015/317339/b5823z3/ts-node-317339/raw/node-internal-modules-cjs-loader-v17.0.1-stripped.js
2026-02-07 00:31:54,507 - Knowledge - INFO - Worker kw16 processing /app/data/T0015/317339/b5823z3/ts-node-317339/raw/node-internal-modules-cjs-helpers-v17.0.1.js
2026-02-07 00:31:54,618 - Knowledge - INFO - Fast-tracked /app/data/T0015/317339/b5823z3/ts-node-317339/raw/node-internal-modules-package_json_reader-v15.3.0.js (ext=.js, size=1079)
2026-02-07 00:31:54,699 - Knowledge - INFO - Worker kw18 processing /app/data/T0015/317339/b5823z3/ts-node-317339/raw/node-internal-repl-await-88799930794045795e8abac874730f9eba7e2300.js
2026-02-07 00:31:54,798 - Knowledge - INFO - Batch sizing: calculated=6, max_allowed=10, queue=293, active_workers=18/20
2026-02-07 00:31:54,885 - Knowledge - INFO - [kw20] Queue=287, InProgress=0, PendingWorkers=18/20, Completed=36/395 (9.1%)
2026-02-07 00:31:54,981 - Knowledge - INFO - process ingested knowledge for /app/data/T0015/317339/b5823z3/ts-node-317339/esm-usage-example/README.md
2026-02-07 00:31:55,041 - Knowledge - INFO - process ingested knowledge for /app/data/T0015/317339/b5823z3/ts-node-317339/scripts/node-nightly.sh
2026-02-07 00:31:55,117 - Knowledge - INFO - process ingested knowledge for /app/data/T0015/317339/b5823z3/ts-node-317339/src/test/resolver.spec.ts
2026-02-07 00:31:55,219 - Knowledge - INFO - process ingested knowledge for /app/data/T0015/317339/b5823z3/ts-node-317339/src/test/testlib.ts
2026-02-07 00:31:55,334 - Knowledge - INFO - process ingested knowledge for /app/data/T0015/317339/b5823z3/ts-node-317339/src/test/diagnostics.spec.ts
2026-02-07 00:31:55,444 - Knowledge - INFO - process ingested knowledge for /app/data/T0015/317339/b5823z3/ts-node-317339/src/test/helpers/command-lines.ts
2026-02-07 00:31:55,583 - Knowledge - INFO - Processing batch of 6 files
2026-02-07 00:31:55,664 - Knowledge - INFO - Fast-tracked /app/data/T0015/317339/b5823z3/ts-node-317339/src/test/ci-node-and-ts-versions.spec.ts (ext=.ts, size=1644)
2026-02-07 00:31:55,770 - Knowledge - INFO - Worker kw9 processing /app/data/T0015/317339/b5823z3/ts-node-317339/src/tsconfig-schema.ts
2026-02-07 00:31:55,839 - Knowledge - INFO - Worker kw10 processing /app/data/T0015/317339/b5823z3/ts-node-317339/src/child/child-require.ts
2026-02-07 00:31:56,003 - Knowledge - INFO - Fast-tracked /app/data/T0015/317339/b5823z3/ts-node-317339/src/bin-transpile.ts (ext=.ts, size=98)
2026-02-07 00:31:56,086 - Knowledge - INFO - Worker kw13 processing /app/data/T0015/317339/b5823z3/ts-node-317339/src/transpilers/types.ts
2026-02-07 00:31:56,165 - Knowledge - INFO - Fast-tracked /app/data/T0015/317339/b5823z3/ts-node-317339/tsconfig.build-dist.json (ext=.json, size=431)
2026-02-07 00:31:56,268 - Knowledge - INFO - Worker kw15 processing /app/data/T0015/317339/b5823z3/ts-node-317339/raw/node-internal-modules-cjs-loader-v15.3.0-stripped.js
2026-02-07 00:31:56,338 - Knowledge - INFO - Worker kw16 processing /app/data/T0015/317339/b5823z3/ts-node-317339/raw/node-internal-modules-cjs-helpers-v17.0.1-stripped.js
2026-02-07 00:31:56,420 - Knowledge - INFO - Worker kw17 processing /app/data/T0015/317339/b5823z3/ts-node-317339/raw/README.md
2026-02-07 00:31:56,539 - Knowledge - INFO - Worker kw18 processing /app/data/T0015/317339/b5823z3/ts-node-317339/tsconfig.build-schema.json
2026-02-07 00:31:56,611 - Knowledge - INFO - Worker kw19 processing /app/data/T0015/317339/b5823z3/ts-node-317339/development-docs/nodenextNode16.md
2026-02-07 00:31:56,713 - Knowledge - INFO - Batch sizing: calculated=6, max_allowed=10, queue=287, active_workers=19/20
2026-02-07 00:31:56,911 - Knowledge - INFO - process ingested knowledge for /app/data/T0015/317339/b5823z3/ts-node-317339/scripts/update-schemastore-schema-with-compiler-options.ts
2026-02-07 00:31:57,002 - Knowledge - INFO - process ingested knowledge for /app/data/T0015/317339/b5823z3/ts-node-317339/src/test/pluggable-dep-resolution.spec.ts
2026-02-07 00:31:57,103 - Knowledge - INFO - process ingested knowledge for /app/data/T0015/317339/b5823z3/ts-node-317339/src/test/create.spec.ts
2026-02-07 00:31:57,225 - Knowledge - INFO - process ingested knowledge for /app/data/T0015/317339/b5823z3/ts-node-317339/src/test/module-node/1778.spec.ts
2026-02-07 00:31:57,318 - Knowledge - INFO - process ingested knowledge for /app/data/T0015/317339/b5823z3/ts-node-317339/src/test/helpers/exec.ts
2026-02-07 00:31:57,328 - Knowledge - INFO - process ingested knowledge for /app/data/T0015/317339/b5823z3/ts-node-317339/src/test/helpers/index.ts
2026-02-07 00:31:57,459 - Knowledge - INFO - Processing batch of 6 files
2026-02-07 00:31:57,468 - Knowledge - INFO - [WEBSOCKET] Sent: Type=progress_update, Size: 290, Duration: 0ms
2026-02-07 00:31:57,533 - Knowledge - INFO - Fast-tracked /app/data/T0015/317339/b5823z3/ts-node-317339/src/tsconfig-schema.ts (ext=.ts, size=715)
2026-02-07 00:31:57,601 - Knowledge - INFO - Fast-tracked /app/data/T0015/317339/b5823z3/ts-node-317339/src/child/child-require.ts (ext=.ts, size=971)
2026-02-07 00:31:57,665 - Knowledge - INFO - Worker kw12 processing /app/data/T0015/317339/b5823z3/ts-node-317339/src/resolver-functions.ts
2026-02-07 00:31:57,773 - Knowledge - INFO - Fast-tracked /app/data/T0015/317339/b5823z3/ts-node-317339/src/transpilers/types.ts (ext=.ts, size=1954)
2026-02-07 00:31:57,866 - Knowledge - INFO - Worker kw14 processing /app/data/T0015/317339/b5823z3/ts-node-317339/package.json
2026-02-07 00:31:57,937 - Knowledge - INFO - Worker kw15 processing /app/data/T0015/317339/b5823z3/ts-node-317339/raw/node-internal-modules-cjs-loader-v17.0.1.js
2026-02-07 00:31:58,039 - Knowledge - INFO - Worker kw16 processing /app/data/T0015/317339/b5823z3/ts-node-317339/raw/download-and-compare.sh
2026-02-07 00:31:58,150 - Knowledge - INFO - Fast-tracked /app/data/T0015/317339/b5823z3/ts-node-317339/raw/README.md (ext=.md, size=32)
2026-02-07 00:31:58,222 - Knowledge - INFO - Fast-tracked /app/data/T0015/317339/b5823z3/ts-node-317339/tsconfig.build-schema.json (ext=.json, size=254)
2026-02-07 00:31:58,318 - Knowledge - INFO - Fast-tracked /app/data/T0015/317339/b5823z3/ts-node-317339/development-docs/nodenextNode16.md (ext=.md, size=1491)
2026-02-07 00:31:58,598 - Knowledge - INFO - process ingested knowledge for /app/data/T0015/317339/b5823z3/ts-node-317339/src/test/configuration/resolution.spec.ts
2026-02-07 00:31:58,686 - Knowledge - INFO - process ingested knowledge for /app/data/T0015/317339/b5823z3/ts-node-317339/src/test/package.spec.ts
2026-02-07 00:31:58,835 - Knowledge - INFO - process ingested knowledge for /app/data/T0015/317339/b5823z3/ts-node-317339/src/test/module-node/module-node.spec.ts
2026-02-07 00:31:58,863 - Knowledge - INFO - process ingested knowledge for /app/data/T0015/317339/b5823z3/ts-node-317339/src/test/helpers/ctx-tmp-dir.ts
2026-02-07 00:31:59,022 - Knowledge - INFO - process ingested knowledge for /app/data/T0015/317339/b5823z3/ts-node-317339/src/test/helpers/reset-node-environment.ts
2026-02-07 00:31:59,047 - Knowledge - INFO - process ingested knowledge for /app/data/T0015/317339/b5823z3/ts-node-317339/src/test/repl/helpers/macros.ts
2026-02-07 00:31:59,160 - Knowledge - INFO - Worker kw20 processing /app/data/T0015/317339/b5823z3/ts-node-317339/node12/tsconfig.json
2026-02-07 00:31:59,161 - Knowledge - INFO - [WEBSOCKET] Sent: Type=unknown, Size: ?, Duration: 1693ms
2026-02-07 00:31:59,626 - Knowledge - INFO - Fast-tracked /app/data/T0015/317339/b5823z3/ts-node-317339/package.json (ext=.json, size=6619)
2026-02-07 00:31:59,777 - Knowledge - INFO - Worker kw16 processing /app/data/T0015/317339/b5823z3/ts-node-317339/raw/node-internal-repl-await-v17.0.0.js
2026-02-07 00:31:59,899 - Knowledge - INFO - Worker kw17 processing /app/data/T0015/317339/b5823z3/ts-node-317339/raw/node-internal-errors-b533fb3508009e5f567cc776daba8fbf665386a6.js
2026-02-07 00:32:00,007 - Knowledge - INFO - Worker kw18 processing /app/data/T0015/317339/b5823z3/ts-node-317339/nyc.config.js
2026-02-07 00:32:00,100 - Knowledge - INFO - Worker kw19 processing /app/data/T0015/317339/b5823z3/ts-node-317339/development-docs/release-template.md
2026-02-07 00:32:00,276 - Knowledge - INFO - process ingested knowledge for /app/data/T0015/317339/b5823z3/ts-node-317339/src/test/index.spec.ts
2026-02-07 00:32:00,440 - Knowledge - INFO - process ingested knowledge for /app/data/T0015/317339/b5823z3/ts-node-317339/src/test/transpilers.spec.ts
2026-02-07 00:32:00,522 - Knowledge - INFO - process ingested knowledge for /app/data/T0015/317339/b5823z3/ts-node-317339/src/test/helpers/ctx-ts-node.ts
2026-02-07 00:32:00,546 - Knowledge - INFO - process ingested knowledge for /app/data/T0015/317339/b5823z3/ts-node-317339/src/test/helpers/misc.ts
2026-02-07 00:32:00,616 - Knowledge - INFO - process ingested knowledge for /app/data/T0015/317339/b5823z3/ts-node-317339/src/test/repl/helpers/misc.ts
2026-02-07 00:32:00,703 - Knowledge - INFO - Fast-tracked /app/data/T0015/317339/b5823z3/ts-node-317339/node12/tsconfig.json (ext=.json, size=51)
2026-02-07 00:32:00,772 - Knowledge - INFO - Progress: 12.2% | Files: 49/395 | Rate: 1.50 files/sec | Queue: 275
2026-02-07 00:32:00,772 - Knowledge - INFO - [kw2] Queue=275, InProgress=0, PendingWorkers=20/20, Completed=49/395 (12.4%)
2026-02-07 00:32:00,774 - Knowledge - INFO - [kw3] Queue=275, InProgress=0, PendingWorkers=20/20, Completed=49/395 (12.4%)
2026-02-07 00:32:00,804 - Knowledge - INFO - Processing batch of 6 files
2026-02-07 00:32:00,872 - Knowledge - INFO - Worker kw14 processing /app/data/T0015/317339/b5823z3/ts-node-317339/ava.config.cjs
2026-02-07 00:32:01,053 - Knowledge - INFO - Worker kw17 processing /app/data/T0015/317339/b5823z3/ts-node-317339/raw/node-internal-errors-2d5d77306f6dff9110c1f77fefab25f973415770.js
2026-02-07 00:32:01,113 - Knowledge - INFO - Fast-tracked /app/data/T0015/317339/b5823z3/ts-node-317339/nyc.config.js (ext=.js, size=367)
2026-02-07 00:32:01,220 - Knowledge - INFO - Fast-tracked /app/data/T0015/317339/b5823z3/ts-node-317339/development-docs/release-template.md (ext=.md, size=1732)
2026-02-07 00:32:01,465 - Knowledge - INFO - process ingested knowledge for /app/data/T0015/317339/b5823z3/ts-node-317339/src/test/remove-env-var-force-color.js
2026-02-07 00:32:01,563 - Knowledge - INFO - process ingested knowledge for /app/data/T0015/317339/b5823z3/ts-node-317339/src/test/repl/repl.spec.ts
2026-02-07 00:32:01,656 - Knowledge - INFO - process ingested knowledge for /app/data/T0015/317339/b5823z3/ts-node-317339/src/test/helpers/version-checks.ts
2026-02-07 00:32:01,753 - Knowledge - INFO - process ingested knowledge for /app/data/T0015/317339/b5823z3/ts-node-317339/src/test/repl/repl-environment.spec.ts
2026-02-07 00:32:01,815 - Knowledge - INFO - Worker kw20 processing /app/data/T0015/317339/b5823z3/ts-node-317339/tsconfig.json
2026-02-07 00:32:01,892 - Knowledge - INFO - [kw4] Queue=275, InProgress=0, PendingWorkers=20/20, Completed=54/395 (13.7%)
2026-02-07 00:32:01,909 - Knowledge - INFO - [kw1] Queue=275, InProgress=0, PendingWorkers=20/20, Completed=54/395 (13.7%)
2026-02-07 00:32:01,983 - Knowledge - INFO - Batch sizing: calculated=6, max_allowed=10, queue=275, active_workers=20/20
2026-02-07 00:32:02,072 - Knowledge - INFO - Batch sizing: calculated=6, max_allowed=10, queue=275, active_workers=20/20
2026-02-07 00:32:02,178 - Knowledge - INFO - process ingested knowledge for /app/data/T0015/317339/b5823z3/ts-node-317339/src/test/esm-loader.spec.ts
2026-02-07 00:32:02,253 - Knowledge - INFO - Worker kw14 processing /app/data/T0015/317339/b5823z3/ts-node-317339/raw/node-internal-modules-esm-get_format-v15.3.0.js
2026-02-07 00:32:02,357 - Knowledge - INFO - Worker kw17 processing /app/data/T0015/317339/b5823z3/ts-node-317339/raw/node-internal-errors-2d5d77306f6dff9110c1f77fefab25f973415770-stripped.js
2026-02-07 00:32:02,432 - Knowledge - INFO - Worker kw18 processing /app/data/T0015/317339/b5823z3/ts-node-317339/development-docs/yarnPnpInterop.md
2026-02-07 00:32:02,538 - Knowledge - INFO - Worker kw19 processing /app/data/T0015/317339/b5823z3/ts-node-317339/development-docs/repl-api.md
2026-02-07 00:32:02,679 - Knowledge - INFO - process ingested knowledge for /app/data/T0015/317339/b5823z3/ts-node-317339/src/test/repl/node-repl-tla.ts
2026-02-07 00:32:02,783 - Knowledge - INFO - process ingested knowledge for /app/data/T0015/317339/b5823z3/ts-node-317339/src/test/helpers/paths.ts
2026-02-07 00:32:02,880 - Knowledge - INFO - process ingested knowledge for /app/data/T0015/317339/b5823z3/ts-node-317339/src/test/register.spec.ts
2026-02-07 00:32:02,919 - Knowledge - INFO - Fast-tracked /app/data/T0015/317339/b5823z3/ts-node-317339/tsconfig.json (ext=.json, size=1228)
2026-02-07 00:32:03,019 - Knowledge - INFO - Batch sizing: calculated=6, max_allowed=10, queue=275, active_workers=20/20
2026-02-07 00:32:03,134 - Knowledge - INFO - Batch sizing: calculated=6, max_allowed=10, queue=275, active_workers=20/20
2026-02-07 00:32:03,216 - Knowledge - INFO - [kw5] Queue=275, InProgress=0, PendingWorkers=20/20, Completed=54/395 (13.7%)
2026-02-07 00:32:03,220 - Knowledge - INFO - Async storing batch of 6 embeddings
2026-02-07 00:32:03,310 - Knowledge - INFO - Async storing batch of 6 embeddings
2026-02-07 00:32:03,408 - Knowledge - INFO - process ingested knowledge for /app/data/T0015/317339/b5823z3/ts-node-317339/src/test/reminders.spec.ts
2026-02-07 00:32:03,480 - Knowledge - INFO - Fast-tracked /app/data/T0015/317339/b5823z3/ts-node-317339/ava.config.cjs (small file (2564 bytes))
2026-02-07 00:32:03,560 - Knowledge - INFO - Worker kw17 processing /app/data/T0015/317339/b5823z3/ts-node-317339/raw/node-internal-errors-b533fb3508009e5f567cc776daba8fbf665386a6-stripped.js
2026-02-07 00:32:03,631 - Knowledge - INFO - Fast-tracked /app/data/T0015/317339/b5823z3/ts-node-317339/development-docs/yarnPnpInterop.md (ext=.md, size=1775)
2026-02-07 00:32:03,710 - Knowledge - INFO - Fast-tracked /app/data/T0015/317339/b5823z3/ts-node-317339/development-docs/repl-api.md (ext=.md, size=748)
2026-02-07 00:32:03,798 - Knowledge - INFO - process ingested knowledge for /app/data/T0015/317339/b5823z3/ts-node-317339/src/test/repl/helpers/ctx-repl.ts
2026-02-07 00:32:04,003 - Knowledge - INFO - process ingested knowledge for /app/data/T0015/317339/b5823z3/ts-node-317339/src/test/test-loader.d.ts
2026-02-07 00:32:04,040 - Knowledge - INFO - Worker kw20 processing /app/data/T0015/317339/b5823z3/ts-node-317339/tsdoc.json
2026-02-07 00:32:04,126 - Knowledge - INFO - Async storing batch of 6 embeddings
2026-02-07 00:32:04,259 - Knowledge - INFO - Async storing batch of 6 embeddings
2026-02-07 00:32:04,299 - Knowledge - INFO - Batch sizing: calculated=6, max_allowed=10, queue=275, active_workers=20/20
2026-02-07 00:32:04,387 - Knowledge - INFO - Worker kw2 processing /app/data/T0015/317339/b5823z3/ts-node-317339/register/files.js
2026-02-07 00:32:04,484 - Knowledge - INFO - Worker kw3 processing /app/data/T0015/317339/b5823z3/ts-node-317339/tests/module-types/override-to-esm/src/should-be-cjs.ts
2026-02-07 00:32:04,635 - Knowledge - INFO - Fast-tracked /app/data/T0015/317339/b5823z3/ts-node-317339/raw/node-internal-modules-esm-get_format-v15.3.0.js (small file (2595 bytes))
2026-02-07 00:32:04,665 - Knowledge - INFO - process ingested knowledge for /app/data/T0015/317339/b5823z3/ts-node-317339/src/test/ts-import-specifiers.spec.ts
2026-02-07 00:32:04,929 - Knowledge - INFO - Fast-tracked /app/data/T0015/317339/b5823z3/ts-node-317339/raw/node-internal-errors-b533fb3508009e5f567cc776daba8fbf665386a6-stripped.js (ext=.js, size=1684)
2026-02-07 00:32:04,933 - Knowledge - INFO - [kw6] Queue=251, InProgress=0, PendingWorkers=20/20, Completed=54/395 (13.7%)
2026-02-07 00:32:05,025 - Knowledge - INFO - Worker kw18 processing /app/data/T0015/317339/b5823z3/ts-node-317339/development-docs/test-style-guide.md
2026-02-07 00:32:05,111 - Knowledge - INFO - Worker kw19 processing /app/data/T0015/317339/b5823z3/ts-node-317339/development-docs/rootDirOutDirMapping.md
2026-02-07 00:32:05,322 - Knowledge - INFO - process ingested knowledge for /app/data/T0015/317339/b5823z3/ts-node-317339/src/test/ci-node-and-ts-versions.spec.ts
2026-02-07 00:32:05,432 - Knowledge - INFO - Fast-tracked /app/data/T0015/317339/b5823z3/ts-node-317339/tsdoc.json (ext=.json, size=704)
2026-02-07 00:32:05,511 - Knowledge - INFO - Worker kw4 processing /app/data/T0015/317339/b5823z3/ts-node-317339/tests/module-types/override-to-esm/tsconfig-swc.json
2026-02-07 00:32:05,627 - Knowledge - INFO - Worker kw1 processing /app/data/T0015/317339/b5823z3/ts-node-317339/tests/module-types/override-to-cjs/webpack.config.ts
2026-02-07 00:32:05,707 - Knowledge - INFO - Async storing batch of 6 embeddings
2026-02-07 00:32:05,781 - Knowledge - INFO - Fast-tracked /app/data/T0015/317339/b5823z3/ts-node-317339/register/files.js (ext=.js, size=49)
2026-02-07 00:32:05,831 - Knowledge - INFO - [kw7] Queue=245, InProgress=0, PendingWorkers=20/20, Completed=54/395 (13.7%)
2026-02-07 00:32:05,878 - Knowledge - INFO - Fast-tracked /app/data/T0015/317339/b5823z3/ts-node-317339/tests/module-types/override-to-esm/src/should-be-cjs.ts (ext=.ts, size=101)
2026-02-07 00:32:05,958 - Knowledge - INFO - Processing batch of 6 files
2026-02-07 00:32:06,042 - Knowledge - INFO - process ingested knowledge for /app/data/T0015/317339/b5823z3/ts-node-317339/src/test/transpile-only.spec.ts
2026-02-07 00:32:06,301 - Knowledge - INFO - Batch sizing: calculated=6, max_allowed=10, queue=251, active_workers=20/20
2026-02-07 00:32:06,376 - Knowledge - INFO - Fast-tracked /app/data/T0015/317339/b5823z3/ts-node-317339/development-docs/test-style-guide.md (ext=.md, size=1177)
2026-02-07 00:32:06,488 - Knowledge - INFO - Fast-tracked /app/data/T0015/317339/b5823z3/ts-node-317339/development-docs/rootDirOutDirMapping.md (ext=.md, size=790)
2026-02-07 00:32:06,658 - Knowledge - INFO - Worker kw20 processing /app/data/T0015/317339/b5823z3/ts-node-317339/esm/transpile-only.mjs
2026-02-07 00:32:06,808 - Knowledge - INFO - Fast-tracked /app/data/T0015/317339/b5823z3/ts-node-317339/tests/module-types/override-to-esm/tsconfig-swc.json (ext=.json, size=71)
2026-02-07 00:32:06,880 - Knowledge - INFO - Fast-tracked /app/data/T0015/317339/b5823z3/ts-node-317339/tests/module-types/override-to-cjs/webpack.config.ts (ext=.ts, size=38)
2026-02-07 00:32:06,981 - Knowledge - INFO - Worker kw5 processing /app/data/T0015/317339/b5823z3/ts-node-317339/tests/tsconfig-bases/node16/tsconfig.json
2026-02-07 00:32:07,069 - Knowledge - INFO - Worker kw2 processing /app/data/T0015/317339/b5823z3/ts-node-317339/register/index.js
2026-02-07 00:32:07,149 - Knowledge - INFO - Batch sizing: calculated=6, max_allowed=10, queue=245, active_workers=20/20
2026-02-07 00:32:07,244 - Knowledge - INFO - Worker kw3 processing /app/data/T0015/317339/b5823z3/ts-node-317339/tests/module-types/override-to-esm/src/esm-subdir/cjs-exception.ts
2026-02-07 00:32:07,350 - Knowledge - INFO - process ingested knowledge for /app/data/T0015/317339/b5823z3/ts-node-317339/src/node-module-type-classifier.ts
2026-02-07 00:32:07,374 - Knowledge - INFO - [WEBSOCKET] Sent: Type=progress_update, Size: 290, Duration: 0ms
2026-02-07 00:32:07,451 - Knowledge - INFO - process ingested knowledge for /app/data/T0015/317339/b5823z3/ts-node-317339/src/test/regression.spec.ts
2026-02-07 00:32:07,647 - Knowledge - INFO - Worker kw18 processing /app/data/T0015/317339/b5823z3/ts-node-317339/development-docs/isExternalLibraryImport.md
2026-02-07 00:32:07,745 - Knowledge - INFO - Worker kw19 processing /app/data/T0015/317339/b5823z3/ts-node-317339/development-docs/README.md
2026-02-07 00:32:07,818 - Knowledge - INFO - Fast-tracked /app/data/T0015/317339/b5823z3/ts-node-317339/esm/transpile-only.mjs (ext=.mjs, size=334)
2026-02-07 00:32:07,902 - Knowledge - INFO - Worker kw4 processing /app/data/T0015/317339/b5823z3/ts-node-317339/tests/module-types/override-to-cjs/src/should-be-esm.ts
2026-02-07 00:32:07,976 - Knowledge - INFO - Worker kw1 processing /app/data/T0015/317339/b5823z3/ts-node-317339/tests/module-types/override-to-cjs/test.cjs
2026-02-07 00:32:08,070 - Knowledge - INFO - Fast-tracked /app/data/T0015/317339/b5823z3/ts-node-317339/tests/tsconfig-bases/node16/tsconfig.json (ext=.json, size=48)
2026-02-07 00:32:08,182 - Knowledge - INFO - Fast-tracked /app/data/T0015/317339/b5823z3/ts-node-317339/register/index.js (ext=.js, size=27)
2026-02-07 00:32:08,386 - Knowledge - INFO - Fast-tracked /app/data/T0015/317339/b5823z3/ts-node-317339/tests/module-types/override-to-esm/src/esm-subdir/cjs-exception.ts (ext=.ts, size=71)
2026-02-07 00:32:08,487 - Knowledge - INFO - process ingested knowledge for /app/data/T0015/317339/b5823z3/ts-node-317339/node20/tsconfig.json
2026-02-07 00:32:08,596 - Knowledge - INFO - Async storing batch of 6 embeddings
2026-02-07 00:32:08,597 - Knowledge - INFO - Async storing batch of 6 embeddings
2026-02-07 00:32:08,629 - Knowledge - INFO - [WEBSOCKET] Sent: Type=unknown, Size: ?, Duration: 1254ms
2026-02-07 00:32:08,703 - Knowledge - INFO - process ingested knowledge for /app/data/T0015/317339/b5823z3/ts-node-317339/src/tsconfig-schema.ts
2026-02-07 00:32:08,894 - Knowledge - INFO - Fast-tracked /app/data/T0015/317339/b5823z3/ts-node-317339/development-docs/isExternalLibraryImport.md (ext=.md, size=2955)
2026-02-07 00:32:09,012 - Knowledge - INFO - Fast-tracked /app/data/T0015/317339/b5823z3/ts-node-317339/development-docs/README.md (ext=.md, size=294)
2026-02-07 00:32:09,164 - Knowledge - INFO - Worker kw20 processing /app/data/T0015/317339/b5823z3/ts-node-317339/register/type-check.js
2026-02-07 00:32:09,345 - Knowledge - INFO - Fast-tracked /app/data/T0015/317339/b5823z3/ts-node-317339/tests/module-types/override-to-cjs/src/should-be-esm.ts (ext=.ts, size=101)
2026-02-07 00:32:09,450 - Knowledge - INFO - Fast-tracked /app/data/T0015/317339/b5823z3/ts-node-317339/tests/module-types/override-to-cjs/test.cjs (ext=.cjs, size=441)
2026-02-07 00:32:09,564 - Knowledge - INFO - Worker kw5 processing /app/data/T0015/317339/b5823z3/ts-node-317339/tests/tsconfig-bases/node14/tsconfig.json
2026-02-07 00:32:09,655 - Knowledge - INFO - Worker kw2 processing /app/data/T0015/317339/b5823z3/ts-node-317339/esm.mjs
2026-02-07 00:32:09,766 - Knowledge - INFO - Worker kw3 processing /app/data/T0015/317339/b5823z3/ts-node-317339/tests/module-types/override-to-esm/src/esm-subdir/index.ts
2026-02-07 00:32:09,863 - Knowledge - INFO - process ingested knowledge for /app/data/T0015/317339/b5823z3/ts-node-317339/tsconfig.build-dist.json
2026-02-07 00:32:10,151 - Knowledge - INFO - Worker kw6 processing /app/data/T0015/317339/b5823z3/ts-node-317339/tests/import-order/compiled.js
2026-02-07 00:32:10,250 - Knowledge - INFO - Worker kw7 processing /app/data/T0015/317339/b5823z3/ts-node-317339/tests/esm-loader-entrypoint-cjs-fallback/relies-upon-cjs-resolution/index.js
2026-02-07 00:32:10,350 - Knowledge - INFO - Progress: 15.2% | Files: 60/395 | Rate: 1.41 files/sec | Queue: 233
2026-02-07 00:32:10,367 - Knowledge - INFO - [LLM_CALL] Completed: repl.ts:chunk1, Duration: 9595ms, PromptTokens: 13040, CompletionTokens: 475, Cost: $0.00149
2026-02-07 00:32:10,678 - Knowledge - INFO - Worker kw19 processing /app/data/T0015/317339/b5823z3/ts-node-317339/dprint.json
2026-02-07 00:32:10,770 - Knowledge - INFO - Fast-tracked /app/data/T0015/317339/b5823z3/ts-node-317339/register/type-check.js (ext=.js, size=49)
2026-02-07 00:32:10,861 - Knowledge - INFO - Worker kw4 processing /app/data/T0015/317339/b5823z3/ts-node-317339/tests/module-types/override-to-cjs/src/cjs-subdir/esm-exception.ts
2026-02-07 00:32:10,945 - Knowledge - INFO - Worker kw1 processing /app/data/T0015/317339/b5823z3/ts-node-317339/tests/module-types/override-to-cjs/tsconfig.json
2026-02-07 00:32:11,027 - Knowledge - INFO - Fast-tracked /app/data/T0015/317339/b5823z3/ts-node-317339/tests/tsconfig-bases/node14/tsconfig.json (ext=.json, size=48)
2026-02-07 00:32:11,104 - Knowledge - INFO - Fast-tracked /app/data/T0015/317339/b5823z3/ts-node-317339/esm.mjs (ext=.mjs, size=306)
2026-02-07 00:32:11,181 - Knowledge - INFO - Fast-tracked /app/data/T0015/317339/b5823z3/ts-node-317339/tests/module-types/override-to-esm/src/esm-subdir/index.ts (ext=.ts, size=71)
2026-02-07 00:32:11,255 - Knowledge - INFO - process ingested knowledge for /app/data/T0015/317339/b5823z3/ts-node-317339/package.json
2026-02-07 00:32:11,359 - Knowledge - INFO - Fast-tracked /app/data/T0015/317339/b5823z3/ts-node-317339/tests/import-order/compiled.js (ext=.js, size=35)
2026-02-07 00:32:11,459 - Knowledge - INFO - Fast-tracked /app/data/T0015/317339/b5823z3/ts-node-317339/tests/esm-loader-entrypoint-cjs-fallback/relies-upon-cjs-resolution/index.js (ext=.js, size=29)
2026-02-07 00:32:11,550 - Knowledge - INFO - [kw8] Queue=233, InProgress=0, PendingWorkers=20/20, Completed=60/395 (15.2%)
2026-02-07 00:32:11,627 - Knowledge - INFO - done ingest for /app/data/T0015/317339/b5823z3/ts-node-317339/src/repl.ts
2026-02-07 00:32:11,629 - Knowledge - INFO - [LLM_CALL] Completed: ts-compiler-types.ts:chunk1, Duration: 12471ms, PromptTokens: 3814, CompletionTokens: 307, Cost: $0.00050
2026-02-07 00:32:11,717 - Knowledge - INFO - Fast-tracked /app/data/T0015/317339/b5823z3/ts-node-317339/dprint.json (ext=.json, size=939)
2026-02-07 00:32:11,825 - Knowledge - INFO - Worker kw20 processing /app/data/T0015/317339/b5823z3/ts-node-317339/register/transpile-only.js
2026-02-07 00:32:11,908 - Knowledge - INFO - Fast-tracked /app/data/T0015/317339/b5823z3/ts-node-317339/tests/module-types/override-to-cjs/src/cjs-subdir/esm-exception.ts (ext=.ts, size=71)
2026-02-07 00:32:11,987 - Knowledge - INFO - Fast-tracked /app/data/T0015/317339/b5823z3/ts-node-317339/tests/module-types/override-to-cjs/tsconfig.json (ext=.json, size=310)
2026-02-07 00:32:12,095 - Knowledge - INFO - Worker kw5 processing /app/data/T0015/317339/b5823z3/ts-node-317339/tests/tsconfig-bases/node18/tsconfig.json
2026-02-07 00:32:12,210 - Knowledge - INFO - Worker kw2 processing /app/data/T0015/317339/b5823z3/ts-node-317339/node16/tsconfig.json
2026-02-07 00:32:12,317 - Knowledge - INFO - Worker kw3 processing /app/data/T0015/317339/b5823z3/ts-node-317339/tests/module-types/override-to-esm/test.mjs
2026-02-07 00:32:12,387 - Knowledge - INFO - process ingested knowledge for /app/data/T0015/317339/b5823z3/ts-node-317339/ava.config.cjs
2026-02-07 00:32:12,465 - Knowledge - INFO - Worker kw6 processing /app/data/T0015/317339/b5823z3/ts-node-317339/tests/import-order/compiled.ts
2026-02-07 00:32:12,572 - Knowledge - INFO - Worker kw7 processing /app/data/T0015/317339/b5823z3/ts-node-317339/tests/spy-swc-transpiler.js
2026-02-07 00:32:12,676 - Knowledge - INFO - Batch sizing: calculated=6, max_allowed=10, queue=233, active_workers=20/20
2026-02-07 00:32:12,855 - Knowledge - INFO - done ingest for /app/data/T0015/317339/b5823z3/ts-node-317339/src/ts-compiler-types.ts
2026-02-07 00:32:12,860 - Knowledge - INFO - [kw9] Queue=233, InProgress=0, PendingWorkers=20/20, Completed=61/395 (15.4%)
2026-02-07 00:32:12,892 - Knowledge - INFO - Processing batch of 6 files
2026-02-07 00:32:12,927 - Knowledge - INFO - Processing batch of 6 files
2026-02-07 00:32:13,009 - Knowledge - INFO - Fast-tracked /app/data/T0015/317339/b5823z3/ts-node-317339/register/transpile-only.js (ext=.js, size=53)
2026-02-07 00:32:13,085 - Knowledge - INFO - Worker kw4 processing /app/data/T0015/317339/b5823z3/ts-node-317339/tests/module-types/override-to-cjs/src/cjs-subdir/index.ts
2026-02-07 00:32:13,158 - Knowledge - INFO - Worker kw1 processing /app/data/T0015/317339/b5823z3/ts-node-317339/tests/module-types/override-to-cjs/test-webpack-config.cjs
2026-02-07 00:32:13,247 - Knowledge - INFO - Fast-tracked /app/data/T0015/317339/b5823z3/ts-node-317339/tests/tsconfig-bases/node18/tsconfig.json (ext=.json, size=48)
2026-02-07 00:32:13,349 - Knowledge - INFO - Fast-tracked /app/data/T0015/317339/b5823z3/ts-node-317339/node16/tsconfig.json (ext=.json, size=50)
2026-02-07 00:32:13,413 - Knowledge - INFO - Fast-tracked /app/data/T0015/317339/b5823z3/ts-node-317339/tests/module-types/override-to-esm/test.mjs (ext=.mjs, size=366)
2026-02-07 00:32:13,491 - Knowledge - INFO - process ingested knowledge for /app/data/T0015/317339/b5823z3/ts-node-317339/raw/node-internal-modules-esm-get_format-v15.3.0.js
2026-02-07 00:32:13,583 - Knowledge - INFO - Fast-tracked /app/data/T0015/317339/b5823z3/ts-node-317339/tests/import-order/compiled.ts (ext=.ts, size=35)
2026-02-07 00:32:13,690 - Knowledge - INFO - Fast-tracked /app/data/T0015/317339/b5823z3/ts-node-317339/tests/spy-swc-transpiler.js (ext=.js, size=542)
2026-02-07 00:32:13,795 - Knowledge - INFO - Async storing batch of 6 embeddings
2026-02-07 00:32:14,077 - Knowledge - INFO - Batch sizing: calculated=6, max_allowed=10, queue=233, active_workers=20/20
2026-02-07 00:32:14,399 - Knowledge - INFO - [LLM_CALL] Completed: file-extensions.ts:chunk1, Duration: 18479ms, PromptTokens: 3734, CompletionTokens: 268, Cost: $0.00048
2026-02-07 00:32:14,406 - Knowledge - INFO - process ingested knowledge for /app/data/T0015/317339/b5823z3/ts-node-317339/src/bin-script.ts
2026-02-07 00:32:14,524 - Knowledge - INFO - process ingested knowledge for /app/data/T0015/317339/b5823z3/ts-node-317339/development-docs/nodenextNode16.md
2026-02-07 00:32:14,704 - Knowledge - INFO - Fast-tracked /app/data/T0015/317339/b5823z3/ts-node-317339/tests/module-types/override-to-cjs/src/cjs-subdir/index.ts (ext=.ts, size=71)
2026-02-07 00:32:14,796 - Knowledge - INFO - Fast-tracked /app/data/T0015/317339/b5823z3/ts-node-317339/tests/module-types/override-to-cjs/test-webpack-config.cjs (ext=.cjs, size=90)
2026-02-07 00:32:14,860 - Knowledge - INFO - Worker kw5 processing /app/data/T0015/317339/b5823z3/ts-node-317339/tests/complex/foo.ts
2026-02-07 00:32:14,965 - Knowledge - INFO - Worker kw2 processing /app/data/T0015/317339/b5823z3/ts-node-317339/README.md
2026-02-07 00:32:15,054 - Knowledge - INFO - Worker kw3 processing /app/data/T0015/317339/b5823z3/ts-node-317339/tests/module-types/override-to-esm/test.cjs
2026-02-07 00:32:15,218 - Knowledge - INFO - Worker kw6 processing /app/data/T0015/317339/b5823z3/ts-node-317339/tests/import-order/defined.js
2026-02-07 00:32:15,349 - Knowledge - INFO - Worker kw7 processing /app/data/T0015/317339/b5823z3/ts-node-317339/tests/repl-in-esm-package/package.json
2026-02-07 00:32:15,509 - Knowledge - INFO - Worker kw8 processing /app/data/T0015/317339/b5823z3/ts-node-317339/tests/custom-types.ts
2026-02-07 00:32:15,664 - Knowledge - INFO - done ingest for /app/data/T0015/317339/b5823z3/ts-node-317339/src/file-extensions.ts
2026-02-07 00:32:15,666 - Knowledge - INFO - Async storing batch of 6 embeddings
2026-02-07 00:32:15,700 - Knowledge - INFO - Processing batch of 6 files
2026-02-07 00:32:15,784 - Knowledge - INFO - process ingested knowledge for /app/data/T0015/317339/b5823z3/ts-node-317339/src/repl.ts
2026-02-07 00:32:15,809 - Knowledge - INFO - [WEBSOCKET] Sent: Type=progress_update, Size: 290, Duration: 0ms
2026-02-07 00:32:15,848 - Knowledge - INFO - process ingested knowledge for /app/data/T0015/317339/b5823z3/ts-node-317339/development-docs/release-template.md
2026-02-07 00:32:15,958 - Knowledge - INFO - Worker kw4 processing /app/data/T0015/317339/b5823z3/ts-node-317339/tests/module-types/override-to-cjs/test.mjs
2026-02-07 00:32:16,028 - Knowledge - INFO - Worker kw1 processing /app/data/T0015/317339/b5823z3/ts-node-317339/tests/module-types/override-to-cjs/tsconfig-swc.json
2026-02-07 00:32:16,136 - Knowledge - INFO - Fast-tracked /app/data/T0015/317339/b5823z3/ts-node-317339/tests/complex/foo.ts (ext=.ts, size=31)
2026-02-07 00:32:16,242 - Knowledge - INFO - Fast-tracked /app/data/T0015/317339/b5823z3/ts-node-317339/README.md (ext=.md, size=48820)
2026-02-07 00:32:16,346 - Knowledge - INFO - Fast-tracked /app/data/T0015/317339/b5823z3/ts-node-317339/tests/module-types/override-to-esm/test.cjs (ext=.cjs, size=391)
2026-02-07 00:32:16,420 - Knowledge - INFO - Fast-tracked /app/data/T0015/317339/b5823z3/ts-node-317339/tests/import-order/defined.js (ext=.js, size=34)
2026-02-07 00:32:16,555 - Knowledge - INFO - Fast-tracked /app/data/T0015/317339/b5823z3/ts-node-317339/tests/repl-in-esm-package/package.json (ext=.json, size=23)
2026-02-07 00:32:16,638 - Knowledge - INFO - Fast-tracked /app/data/T0015/317339/b5823z3/ts-node-317339/tests/custom-types.ts (ext=.ts, size=63)
2026-02-07 00:32:17,009 - Knowledge - INFO - Worker kw9 processing /app/data/T0015/317339/b5823z3/ts-node-317339/tests/esm-child-process/process-forking-ts/package.json
2026-02-07 00:32:17,135 - Knowledge - INFO - process ingested knowledge for /app/data/T0015/317339/b5823z3/ts-node-317339/node12/tsconfig.json
2026-02-07 00:32:17,221 - Knowledge - INFO - process ingested knowledge for /app/data/T0015/317339/b5823z3/ts-node-317339/src/child/argv-payload.ts
2026-02-07 00:32:17,354 - Knowledge - INFO - [LLM_CALL] Completed: esm.ts:chunk1, Duration: 20544ms, PromptTokens: 7000, CompletionTokens: 407, Cost: $0.00086
2026-02-07 00:32:17,466 - Knowledge - INFO - process ingested knowledge for /app/data/T0015/317339/b5823z3/ts-node-317339/development-docs/repl-api.md
2026-02-07 00:32:17,641 - Knowledge - INFO - Fast-tracked /app/data/T0015/317339/b5823z3/ts-node-317339/tests/module-types/override-to-cjs/test.mjs (ext=.mjs, size=462)
2026-02-07 00:32:17,893 - Knowledge - INFO - Fast-tracked /app/data/T0015/317339/b5823z3/ts-node-317339/raw/node-internal-modules-cjs-helpers-v17.0.1-stripped.js (small file (2512 bytes))
2026-02-07 00:32:17,955 - Knowledge - INFO - Worker kw5 processing /app/data/T0015/317339/b5823z3/ts-node-317339/tests/complex/index.ts
2026-02-07 00:32:17,955 - Knowledge - INFO - Fast-tracked /app/data/T0015/317339/b5823z3/ts-node-317339/tests/module-types/override-to-cjs/tsconfig-swc.json (ext=.json, size=71)
2026-02-07 00:32:18,169 - Knowledge - INFO - Worker kw2 processing /app/data/T0015/317339/b5823z3/ts-node-317339/codecov.yml
2026-02-07 00:32:18,324 - Knowledge - INFO - Worker kw3 processing /app/data/T0015/317339/b5823z3/ts-node-317339/tests/module-types/override-to-esm/tsconfig.json
2026-02-07 00:32:18,412 - Knowledge - INFO - Worker kw6 processing /app/data/T0015/317339/b5823z3/ts-node-317339/tests/import-order/defined.d.ts
2026-02-07 00:32:18,537 - Knowledge - INFO - Worker kw7 processing /app/data/T0015/317339/b5823z3/ts-node-317339/tests/repl-in-esm-package/tsconfig.json
2026-02-07 00:32:18,666 - Knowledge - INFO - Worker kw8 processing /app/data/T0015/317339/b5823z3/ts-node-317339/tests/maxnodemodulesjsdepth-scoped/tsconfig.json
2026-02-07 00:32:18,774 - Knowledge - INFO - Fast-tracked /app/data/T0015/317339/b5823z3/ts-node-317339/tests/esm-child-process/process-forking-ts/package.json (ext=.json, size=23)
2026-02-07 00:32:18,927 - Knowledge - INFO - Fast-tracked /app/data/T0015/317339/b5823z3/ts-node-317339/raw/node-internal-errors-2d5d77306f6dff9110c1f77fefab25f973415770-stripped.js (small file (2957 bytes))
2026-02-07 00:32:18,937 - Knowledge - INFO - process ingested knowledge for /app/data/T0015/317339/b5823z3/ts-node-317339/tsconfig.json
2026-02-07 00:32:19,029 - Knowledge - INFO - process ingested knowledge for /app/data/T0015/317339/b5823z3/ts-node-317339/src/child/child-entrypoint.ts
2026-02-07 00:32:19,111 - Knowledge - INFO - done ingest for /app/data/T0015/317339/b5823z3/ts-node-317339/src/esm.ts
2026-02-07 00:32:19,112 - Knowledge - INFO - [WEBSOCKET] Sent: Type=unknown, Size: ?, Duration: 3303ms
2026-02-07 00:32:19,194 - Knowledge - INFO - process ingested knowledge for /app/data/T0015/317339/b5823z3/ts-node-317339/development-docs/rootDirOutDirMapping.md
2026-02-07 00:32:19,279 - Knowledge - INFO - Worker kw4 processing /app/data/T0015/317339/b5823z3/ts-node-317339/tests/module-types/override-to-cjs/package.json
2026-02-07 00:32:19,373 - Knowledge - INFO - Fast-tracked /app/data/T0015/317339/b5823z3/ts-node-317339/raw/download-and-compare.sh (small file (2461 bytes))
2026-02-07 00:32:19,439 - Knowledge - INFO - Fast-tracked /app/data/T0015/317339/b5823z3/ts-node-317339/tests/complex/index.ts (ext=.ts, size=109)
2026-02-07 00:32:19,559 - Knowledge - INFO - Worker kw1 processing /app/data/T0015/317339/b5823z3/ts-node-317339/tests/tsconfig-bases/node20/tsconfig.json
2026-02-07 00:32:19,628 - Knowledge - INFO - Fast-tracked /app/data/T0015/317339/b5823z3/ts-node-317339/codecov.yml (ext=.yml, size=525)
2026-02-07 00:32:19,732 - Knowledge - INFO - Fast-tracked /app/data/T0015/317339/b5823z3/ts-node-317339/tests/module-types/override-to-esm/tsconfig.json (ext=.json, size=278)
2026-02-07 00:32:19,832 - Knowledge - INFO - Fast-tracked /app/data/T0015/317339/b5823z3/ts-node-317339/tests/import-order/defined.d.ts (ext=.ts, size=54)
2026-02-07 00:32:19,959 - Knowledge - INFO - Fast-tracked /app/data/T0015/317339/b5823z3/ts-node-317339/tests/repl-in-esm-package/tsconfig.json (ext=.json, size=56)
2026-02-07 00:32:20,097 - Knowledge - INFO - Fast-tracked /app/data/T0015/317339/b5823z3/ts-node-317339/tests/maxnodemodulesjsdepth-scoped/tsconfig.json (ext=.json, size=200)
2026-02-07 00:32:20,193 - Knowledge - INFO - Worker kw9 processing /app/data/T0015/317339/b5823z3/ts-node-317339/tests/esm-child-process/process-forking-ts/subfolder/worker.ts
2026-02-07 00:32:20,422 - Knowledge - INFO - process ingested knowledge for /app/data/T0015/317339/b5823z3/ts-node-317339/tsdoc.json
2026-02-07 00:32:20,567 - Knowledge - INFO - process ingested knowledge for /app/data/T0015/317339/b5823z3/ts-node-317339/src/child/child-loader.ts
2026-02-07 00:32:20,832 - Knowledge - INFO - Progress: 19.7% | Files: 78/395 | Rate: 1.53 files/sec | Queue: 221
2026-02-07 00:32:20,838 - Knowledge - INFO - [LLM_CALL] Completed: resolver-functions.ts:chunk1, Duration: 9210ms, PromptTokens: 4362, CompletionTokens: 324, Cost: $0.00057
2026-02-07 00:32:20,928 - Knowledge - INFO - process ingested knowledge for /app/data/T0015/317339/b5823z3/ts-node-317339/development-docs/README.md
2026-02-07 00:32:21,072 - Knowledge - INFO - Fast-tracked /app/data/T0015/317339/b5823z3/ts-node-317339/tests/module-types/override-to-cjs/package.json (ext=.json, size=23)
2026-02-07 00:32:21,294 - Knowledge - INFO - Worker kw5 processing /app/data/T0015/317339/b5823z3/ts-node-317339/tests/complex/example.js
2026-02-07 00:32:21,492 - Knowledge - INFO - Fast-tracked /app/data/T0015/317339/b5823z3/ts-node-317339/tests/tsconfig-bases/node20/tsconfig.json (ext=.json, size=48)
2026-02-07 00:32:21,638 - Knowledge - INFO - Async storage completed for 6 embeddings
2026-02-07 00:32:21,889 - Knowledge - INFO - Async storage completed for 6 embeddings
2026-02-07 00:32:22,016 - Knowledge - INFO - Worker kw6 processing /app/data/T0015/317339/b5823z3/ts-node-317339/tests/import-order/importer.ts
2026-02-07 00:32:22,322 - Knowledge - INFO - Worker kw7 processing /app/data/T0015/317339/b5823z3/ts-node-317339/tests/transpile-only-swc-via-tsconfig/tsconfig.json
2026-02-07 00:32:22,414 - Knowledge - INFO - Fast-tracked /app/data/T0015/317339/b5823z3/ts-node-317339/raw/node-internal-modules-cjs-loader-v15.3.0-stripped.js (small file (2702 bytes))
2026-02-07 00:32:22,477 - Knowledge - INFO - Worker kw8 processing /app/data/T0015/317339/b5823z3/ts-node-317339/tests/maxnodemodulesjsdepth-scoped/index.ts
2026-02-07 00:32:22,904 - Knowledge - INFO - Fast-tracked /app/data/T0015/317339/b5823z3/ts-node-317339/tests/esm-child-process/process-forking-ts/subfolder/worker.ts (ext=.ts, size=56)
2026-02-07 00:32:23,075 - Knowledge - INFO - process ingested knowledge for /app/data/T0015/317339/b5823z3/ts-node-317339/esm/transpile-only.mjs
2026-02-07 00:32:23,260 - Knowledge - INFO - process ingested knowledge for /app/data/T0015/317339/b5823z3/ts-node-317339/src/child/child-require.ts
2026-02-07 00:32:23,393 - Knowledge - INFO - [kw14] Queue=221, InProgress=0, PendingWorkers=20/20, Completed=78/395 (19.7%)
2026-02-07 00:32:23,542 - Knowledge - INFO - done ingest for /app/data/T0015/317339/b5823z3/ts-node-317339/src/resolver-functions.ts
2026-02-07 00:32:23,547 - Knowledge - INFO - [LLM_CALL] Completed: node-internal-repl-await-88799930794045795e8abac874730f9eba7e2300.js:chunk1, Duration: 10691ms, PromptTokens: 4660, CompletionTokens: 273, Cost: $0.00058
2026-02-07 00:32:23,648 - Knowledge - INFO - process ingested knowledge for /app/data/T0015/317339/b5823z3/ts-node-317339/dprint.json
2026-02-07 00:32:23,778 - Knowledge - INFO - Async storage completed for 6 embeddings
2026-02-07 00:32:23,890 - Knowledge - INFO - Fast-tracked /app/data/T0015/317339/b5823z3/ts-node-317339/tests/complex/example.js (ext=.js, size=40)
2026-02-07 00:32:24,107 - Knowledge - INFO - Async storage completed for 6 embeddings
2026-02-07 00:32:24,494 - Knowledge - INFO - Fast-tracked /app/data/T0015/317339/b5823z3/ts-node-317339/tests/import-order/importer.ts (ext=.ts, size=49)
2026-02-07 00:32:24,674 - Knowledge - INFO - Fast-tracked /app/data/T0015/317339/b5823z3/ts-node-317339/tests/transpile-only-swc-via-tsconfig/tsconfig.json (ext=.json, size=248)
2026-02-07 00:32:24,942 - Knowledge - INFO - Fast-tracked /app/data/T0015/317339/b5823z3/ts-node-317339/tests/maxnodemodulesjsdepth-scoped/index.ts (ext=.ts, size=488)
2026-02-07 00:32:25,032 - Knowledge - INFO - Worker kw9 processing /app/data/T0015/317339/b5823z3/ts-node-317339/tests/esm-child-process/process-forking-ts/tsconfig.json
2026-02-07 00:32:25,119 - Knowledge - INFO - process ingested knowledge for /app/data/T0015/317339/b5823z3/ts-node-317339/register/type-check.js
2026-02-07 00:32:25,335 - Knowledge - INFO - Batch sizing: calculated=6, max_allowed=10, queue=221, active_workers=20/20
2026-02-07 00:32:25,498 - Knowledge - INFO - done ingest for /app/data/T0015/317339/b5823z3/ts-node-317339/raw/node-internal-repl-await-88799930794045795e8abac874730f9eba7e2300.js
2026-02-07 00:32:25,500 - Knowledge - INFO - [LLM_CALL] Completed: bin.ts:chunk1, Duration: 24727ms, PromptTokens: 12582, CompletionTokens: 800, Cost: $0.00158
2026-02-07 00:32:25,886 - Knowledge - INFO - Async storage completed for 6 embeddings
2026-02-07 00:32:26,076 - Knowledge - INFO - Worker kw6 processing /app/data/T0015/317339/b5823z3/ts-node-317339/tests/package.json
2026-02-07 00:32:26,156 - Knowledge - INFO - Worker kw8 processing /app/data/T0015/317339/b5823z3/ts-node-317339/tests/maxnodemodulesjsdepth-scoped/other.ts
2026-02-07 00:32:26,319 - Knowledge - INFO - Worker kw7 processing /app/data/T0015/317339/b5823z3/ts-node-317339/tests/transpile-only-swc-via-tsconfig/index.ts
2026-02-07 00:32:26,470 - Knowledge - INFO - Fast-tracked /app/data/T0015/317339/b5823z3/ts-node-317339/tests/esm-child-process/process-forking-ts/tsconfig.json (ext=.json, size=90)
2026-02-07 00:32:26,945 - Knowledge - INFO - done ingest for /app/data/T0015/317339/b5823z3/ts-node-317339/src/bin.ts
2026-02-07 00:32:26,967 - Knowledge - INFO - [LLM_CALL] Completed: swc.ts:chunk1, Duration: 14109ms, PromptTokens: 5686, CompletionTokens: 338, Cost: $0.00070
2026-02-07 00:32:26,974 - Knowledge - INFO - process ingested knowledge for /app/data/T0015/317339/b5823z3/ts-node-317339/register/transpile-only.js
2026-02-07 00:32:27,158 - Knowledge - INFO - Fast-tracked /app/data/T0015/317339/b5823z3/ts-node-317339/tests/package.json (ext=.json, size=169)
2026-02-07 00:32:27,367 - Knowledge - INFO - Fast-tracked /app/data/T0015/317339/b5823z3/ts-node-317339/tests/maxnodemodulesjsdepth-scoped/other.ts (ext=.ts, size=522)
2026-02-07 00:32:27,495 - Knowledge - INFO - Fast-tracked /app/data/T0015/317339/b5823z3/ts-node-317339/tests/transpile-only-swc-via-tsconfig/index.ts (ext=.ts, size=375)
2026-02-07 00:32:27,595 - Knowledge - INFO - Worker kw9 processing /app/data/T0015/317339/b5823z3/ts-node-317339/tests/esm-child-process/process-forking-ts/index.ts
2026-02-07 00:32:27,807 - Knowledge - INFO - done ingest for /app/data/T0015/317339/b5823z3/ts-node-317339/src/transpilers/swc.ts
2026-02-07 00:32:27,822 - Knowledge - INFO - Async storing batch of 6 embeddings
2026-02-07 00:32:28,099 - Knowledge - INFO - [WEBSOCKET] Sent: Type=progress_update, Size: 290, Duration: 0ms
2026-02-07 00:32:28,123 - Knowledge - INFO - Async storage completed for 6 embeddings
2026-02-07 00:32:28,255 - Knowledge - INFO - Worker kw8 processing /app/data/T0015/317339/b5823z3/ts-node-317339/tests/resolver/test.sh
2026-02-07 00:32:28,407 - Knowledge - INFO - Async storage completed for 6 embeddings
2026-02-07 00:32:28,614 - Knowledge - INFO - Fast-tracked /app/data/T0015/317339/b5823z3/ts-node-317339/tests/esm-child-process/process-forking-ts/index.ts (ext=.ts, size=774)
2026-02-07 00:32:28,880 - Knowledge - INFO - Worker kw14 processing /app/data/T0015/317339/b5823z3/ts-node-317339/tests/esm-child-process/via-tsconfig/tsconfig.json
2026-02-07 00:32:29,074 - Knowledge - INFO - [WEBSOCKET] Sent: Type=unknown, Size: ?, Duration: 975ms
2026-02-07 00:32:29,449 - Knowledge - INFO - Fast-tracked /app/data/T0015/317339/b5823z3/ts-node-317339/tests/resolver/test.sh (ext=.sh, size=71)
2026-02-07 00:32:29,714 - Knowledge - INFO - Worker kw9 processing /app/data/T0015/317339/b5823z3/ts-node-317339/tests/esm-child-process/via-tsconfig/package.json
2026-02-07 00:32:29,865 - Knowledge - INFO - Fast-tracked /app/data/T0015/317339/b5823z3/ts-node-317339/tests/esm-child-process/via-tsconfig/tsconfig.json (ext=.json, size=136)
2026-02-07 00:32:29,995 - Knowledge - INFO - Progress: 23.3% | Files: 108/395 | Rate: 1.71 files/sec | Queue: 215
2026-02-07 00:32:30,015 - Knowledge - INFO - [LLM_CALL] Completed: ts-internals.ts:chunk1, Duration: 24086ms, PromptTokens: 7698, CompletionTokens: 952, Cost: $0.00115
2026-02-07 00:32:30,081 - Knowledge - INFO - Worker kw8 processing /app/data/T0015/317339/b5823z3/ts-node-317339/tests/resolver/README.md
2026-02-07 00:32:30,208 - Knowledge - INFO - Fast-tracked /app/data/T0015/317339/b5823z3/ts-node-317339/tests/esm-child-process/via-tsconfig/package.json (ext=.json, size=23)
2026-02-07 00:32:30,282 - Knowledge - INFO - Worker kw14 processing /app/data/T0015/317339/b5823z3/ts-node-317339/tests/esm-child-process/via-tsconfig/index.ts
2026-02-07 00:32:30,362 - Knowledge - INFO - [kw10] Queue=215, InProgress=0, PendingWorkers=20/20, Completed=113/395 (28.6%)
2026-02-07 00:32:30,511 - Knowledge - INFO - done ingest for /app/data/T0015/317339/b5823z3/ts-node-317339/src/ts-internals.ts
2026-02-07 00:32:30,545 - Knowledge - INFO - Processing batch of 6 files
2026-02-07 00:32:30,571 - Knowledge - INFO - Processing batch of 6 files
2026-02-07 00:32:30,683 - Knowledge - INFO - [kw19] Queue=215, InProgress=0, PendingWorkers=20/20, Completed=113/395 (28.6%)
2026-02-07 00:32:30,689 - Knowledge - INFO - Fast-tracked /app/data/T0015/317339/b5823z3/ts-node-317339/tests/resolver/README.md (ext=.md, size=1054)
2026-02-07 00:32:30,695 - Knowledge - INFO - Processing batch of 6 files
2026-02-07 00:32:30,729 - Knowledge - INFO - Processing batch of 6 files
2026-02-07 00:32:30,804 - Knowledge - INFO - Worker kw9 processing /app/data/T0015/317339/b5823z3/ts-node-317339/tests/esm-child-process/via-tsconfig/sleep.ts
2026-02-07 00:32:30,854 - Knowledge - INFO - Processing batch of 6 files
2026-02-07 00:32:30,991 - Knowledge - INFO - Fast-tracked /app/data/T0015/317339/b5823z3/ts-node-317339/tests/esm-child-process/via-tsconfig/index.ts (ext=.ts, size=156)
2026-02-07 00:32:31,041 - Knowledge - INFO - Processing batch of 6 files
2026-02-07 00:32:31,094 - Knowledge - INFO - Batch sizing: calculated=6, max_allowed=10, queue=215, active_workers=20/20
2026-02-07 00:32:31,147 - Knowledge - INFO - [WEBSOCKET] Sent: Type=progress_update, Size: 288, Duration: 0ms
2026-02-07 00:32:31,436 - Knowledge - INFO - process ingested knowledge for /app/data/T0015/317339/b5823z3/ts-node-317339/tests/module-types/override-to-cjs/webpack.config.ts
2026-02-07 00:32:31,659 - Knowledge - INFO - process ingested knowledge for /app/data/T0015/317339/b5823z3/ts-node-317339/register/files.js
2026-02-07 00:32:31,755 - Knowledge - INFO - Batch sizing: calculated=6, max_allowed=10, queue=215, active_workers=20/20
2026-02-07 00:32:31,892 - Knowledge - INFO - Async storage completed for 6 embeddings
2026-02-07 00:32:31,996 - Knowledge - INFO - process ingested knowledge for /app/data/T0015/317339/b5823z3/ts-node-317339/raw/node-internal-repl-await-88799930794045795e8abac874730f9eba7e2300.js
2026-02-07 00:32:32,096 - Knowledge - INFO - process ingested knowledge for /app/data/T0015/317339/b5823z3/ts-node-317339/tests/module-types/override-to-esm/src/should-be-cjs.ts
2026-02-07 00:32:32,262 - Knowledge - INFO - Fast-tracked /app/data/T0015/317339/b5823z3/ts-node-317339/tests/esm-child-process/via-tsconfig/sleep.ts (ext=.ts, size=383)
2026-02-07 00:32:32,406 - Knowledge - INFO - process ingested knowledge for /app/data/T0015/317339/b5823z3/ts-node-317339/tests/tsconfig-bases/node16/tsconfig.json
2026-02-07 00:32:32,512 - Knowledge - INFO - Worker kw14 processing /app/data/T0015/317339/b5823z3/ts-node-317339/tests/esm-child-process/process-forking-js/package.json
2026-02-07 00:32:32,640 - Knowledge - INFO - process ingested knowledge for /app/data/T0015/317339/b5823z3/ts-node-317339/tests/module-types/override-to-esm/tsconfig-swc.json
2026-02-07 00:32:32,856 - Knowledge - INFO - [LLM_CALL] Completed: node-internal-errors-b533fb3508009e5f567cc776daba8fbf665386a6.js:chunk1, Duration: 26711ms, PromptTokens: 27562, CompletionTokens: 851, Cost: $0.00310
2026-02-07 00:32:32,973 - Knowledge - INFO - process ingested knowledge for /app/data/T0015/317339/b5823z3/ts-node-317339/tests/module-types/override-to-cjs/test.cjs
2026-02-07 00:32:33,109 - Knowledge - INFO - process ingested knowledge for /app/data/T0015/317339/b5823z3/ts-node-317339/register/index.js
2026-02-07 00:32:33,518 - Knowledge - INFO - process ingested knowledge for /app/data/T0015/317339/b5823z3/ts-node-317339/tsconfig.build-schema.json
2026-02-07 00:32:33,621 - Knowledge - INFO - process ingested knowledge for /app/data/T0015/317339/b5823z3/ts-node-317339/tests/module-types/override-to-esm/src/esm-subdir/cjs-exception.ts
2026-02-07 00:32:33,816 - Knowledge - INFO - Async storage completed for 6 embeddings
2026-02-07 00:32:33,839 - Knowledge - INFO - process ingested knowledge for /app/data/T0015/317339/b5823z3/ts-node-317339/tests/tsconfig-bases/node14/tsconfig.json
2026-02-07 00:32:35,148 - Knowledge - INFO - process ingested knowledge for /app/data/T0015/317339/b5823z3/ts-node-317339/tests/module-types/override-to-esm/src/esm-subdir/index.ts
2026-02-07 00:32:34,105 - Knowledge - INFO - process ingested knowledge for /app/data/T0015/317339/b5823z3/ts-node-317339/tests/module-types/override-to-cjs/src/should-be-esm.ts
2026-02-07 00:32:34,186 - Knowledge - INFO - done ingest for /app/data/T0015/317339/b5823z3/ts-node-317339/raw/node-internal-errors-b533fb3508009e5f567cc776daba8fbf665386a6.js
2026-02-07 00:32:34,187 - Knowledge - INFO - [LLM_CALL] Completed: ts-transpile-module.ts:chunk1, Duration: 33414ms, PromptTokens: 3524, CompletionTokens: 451, Cost: $0.00053
2026-02-07 00:32:34,295 - Knowledge - INFO - process ingested knowledge for /app/data/T0015/317339/b5823z3/ts-node-317339/tests/module-types/override-to-cjs/tsconfig.json
2026-02-07 00:32:34,794 - Knowledge - INFO - process ingested knowledge for /app/data/T0015/317339/b5823z3/ts-node-317339/esm.mjs
2026-02-07 00:32:35,014 - Knowledge - INFO - process ingested knowledge for /app/data/T0015/317339/b5823z3/ts-node-317339/nyc.config.js
2026-02-07 00:32:34,009 - Knowledge - INFO - Fast-tracked /app/data/T0015/317339/b5823z3/ts-node-317339/tests/esm-child-process/process-forking-js/package.json (ext=.json, size=23)
2026-02-07 00:32:35,416 - Knowledge - INFO - process ingested knowledge for /app/data/T0015/317339/b5823z3/ts-node-317339/tests/tsconfig-bases/node18/tsconfig.json
2026-02-07 00:32:35,528 - Knowledge - INFO - process ingested knowledge for /app/data/T0015/317339/b5823z3/ts-node-317339/tests/module-types/override-to-esm/test.mjs
2026-02-07 00:32:35,650 - Knowledge - INFO - process ingested knowledge for /app/data/T0015/317339/b5823z3/ts-node-317339/tests/module-types/override-to-cjs/src/cjs-subdir/esm-exception.ts
2026-02-07 00:32:35,873 - Knowledge - INFO - done ingest for /app/data/T0015/317339/b5823z3/ts-node-317339/src/ts-transpile-module.ts
2026-02-07 00:32:35,874 - Knowledge - INFO - Async storing batch of 6 embeddings
2026-02-07 00:32:35,875 - Knowledge - INFO - [WEBSOCKET] Sent: Type=unknown, Size: ?, Duration: 4728ms
2026-02-07 00:32:35,998 - Knowledge - INFO - process ingested knowledge for /app/data/T0015/317339/b5823z3/ts-node-317339/tests/module-types/override-to-cjs/test-webpack-config.cjs
2026-02-07 00:32:36,108 - Knowledge - INFO - process ingested knowledge for /app/data/T0015/317339/b5823z3/ts-node-317339/node16/tsconfig.json
2026-02-07 00:32:36,205 - Knowledge - INFO - process ingested knowledge for /app/data/T0015/317339/b5823z3/ts-node-317339/development-docs/yarnPnpInterop.md
2026-02-07 00:32:36,339 - Knowledge - INFO - Worker kw14 processing /app/data/T0015/317339/b5823z3/ts-node-317339/tests/esm-child-process/process-forking-js/tsconfig.json
2026-02-07 00:32:36,582 - Knowledge - INFO - process ingested knowledge for /app/data/T0015/317339/b5823z3/ts-node-317339/tests/complex/foo.ts
2026-02-07 00:32:36,743 - Knowledge - INFO - process ingested knowledge for /app/data/T0015/317339/b5823z3/ts-node-317339/tests/module-types/override-to-esm/test.cjs
2026-02-07 00:32:36,876 - Knowledge - INFO - process ingested knowledge for /app/data/T0015/317339/b5823z3/ts-node-317339/tests/module-types/override-to-cjs/src/cjs-subdir/index.ts
2026-02-07 00:32:37,139 - Knowledge - INFO - Worker kw10 processing /app/data/T0015/317339/b5823z3/ts-node-317339/tests/esm-child-process/process-forking-ts-abs/package.json
2026-02-07 00:32:37,354 - Knowledge - INFO - Progress: 31.9% | Files: 132/395 | Rate: 1.99 files/sec | Queue: 203
2026-02-07 00:32:37,417 - Knowledge - INFO - Processing batch of 6 files
2026-02-07 00:32:37,417 - Knowledge - INFO - [LLM_CALL] Completed: node-internal-repl-await-v17.0.0.js:chunk1, Duration: 13872ms, PromptTokens: 4682, CompletionTokens: 267, Cost: $0.00057
2026-02-07 00:32:37,522 - Knowledge - INFO - process ingested knowledge for /app/data/T0015/317339/b5823z3/ts-node-317339/tests/module-types/override-to-cjs/tsconfig-swc.json
2026-02-07 00:32:37,723 - Knowledge - INFO - process ingested knowledge for /app/data/T0015/317339/b5823z3/ts-node-317339/README.md
2026-02-07 00:32:37,855 - Knowledge - INFO - process ingested knowledge for /app/data/T0015/317339/b5823z3/ts-node-317339/development-docs/test-style-guide.md
2026-02-07 00:32:38,052 - Knowledge - INFO - Fast-tracked /app/data/T0015/317339/b5823z3/ts-node-317339/tests/esm-child-process/process-forking-js/tsconfig.json (ext=.json, size=90)
2026-02-07 00:32:38,194 - Knowledge - INFO - process ingested knowledge for /app/data/T0015/317339/b5823z3/ts-node-317339/tests/complex/index.ts
2026-02-07 00:32:38,462 - Knowledge - INFO - process ingested knowledge for /app/data/T0015/317339/b5823z3/ts-node-317339/tests/module-types/override-to-esm/tsconfig.json
2026-02-07 00:32:38,846 - Knowledge - INFO - process ingested knowledge for /app/data/T0015/317339/b5823z3/ts-node-317339/tests/module-types/override-to-cjs/test.mjs
2026-02-07 00:32:39,029 - Knowledge - INFO - Fast-tracked /app/data/T0015/317339/b5823z3/ts-node-317339/tests/esm-child-process/process-forking-ts-abs/package.json (ext=.json, size=23)
2026-02-07 00:32:39,157 - Knowledge - INFO - [kw20] Queue=203, InProgress=0, PendingWorkers=20/20, Completed=132/395 (33.4%)
2026-02-07 00:32:39,371 - Knowledge - INFO - process ingested knowledge for /app/data/T0015/317339/b5823z3/ts-node-317339/tests/esm-loader-entrypoint-cjs-fallback/relies-upon-cjs-resolution/index.js
2026-02-07 00:32:39,494 - Knowledge - INFO - done ingest for /app/data/T0015/317339/b5823z3/ts-node-317339/raw/node-internal-repl-await-v17.0.0.js
2026-02-07 00:32:39,526 - Knowledge - INFO - Async storing batch of 6 embeddings
2026-02-07 00:32:39,608 - Knowledge - INFO - [LLM_CALL] Completed: util.ts:chunk1, Duration: 27979ms, PromptTokens: 3402, CompletionTokens: 693, Cost: $0.00062
2026-02-07 00:32:39,617 - Knowledge - INFO - process ingested knowledge for /app/data/T0015/317339/b5823z3/ts-node-317339/tests/tsconfig-bases/node20/tsconfig.json
2026-02-07 00:32:39,761 - Knowledge - INFO - process ingested knowledge for /app/data/T0015/317339/b5823z3/ts-node-317339/codecov.yml
2026-02-07 00:32:39,885 - Knowledge - INFO - process ingested knowledge for /app/data/T0015/317339/b5823z3/ts-node-317339/development-docs/isExternalLibraryImport.md
2026-02-07 00:32:39,986 - Knowledge - INFO - Worker kw14 processing /app/data/T0015/317339/b5823z3/ts-node-317339/tests/esm-child-process/process-forking-js/worker.js
2026-02-07 00:32:40,070 - Knowledge - INFO - process ingested knowledge for /app/data/T0015/317339/b5823z3/ts-node-317339/tests/complex/example.js
2026-02-07 00:32:40,252 - Knowledge - INFO - process ingested knowledge for /app/data/T0015/317339/b5823z3/ts-node-317339/tests/module-types/override-to-cjs/package.json
2026-02-07 00:32:40,318 - Knowledge - INFO - Worker kw10 processing /app/data/T0015/317339/b5823z3/ts-node-317339/tests/esm-child-process/process-forking-ts-abs/subfolder/worker.ts
2026-02-07 00:32:40,433 - Knowledge - INFO - Batch sizing: calculated=6, max_allowed=10, queue=203, active_workers=20/20
2026-02-07 00:32:40,513 - Knowledge - INFO - process ingested knowledge for /app/data/T0015/317339/b5823z3/ts-node-317339/tests/spy-swc-transpiler.js
2026-02-07 00:32:40,761 - Knowledge - INFO - Worker kw19 processing /app/data/T0015/317339/b5823z3/ts-node-317339/tests/esm-child-process/via-flag/index.ts
2026-02-07 00:32:40,890 - Knowledge - INFO - done ingest for /app/data/T0015/317339/b5823z3/ts-node-317339/src/util.ts
2026-02-07 00:32:40,914 - Knowledge - INFO - [LLM_CALL] Completed: node-internal-errors-2d5d77306f6dff9110c1f77fefab25f973415770.js:chunk1, Duration: 28056ms, PromptTokens: 27492, CompletionTokens: 877, Cost: $0.00310
2026-02-07 00:32:41,523 - Knowledge - INFO - Fast-tracked /app/data/T0015/317339/b5823z3/ts-node-317339/tests/esm-child-process/process-forking-js/worker.js (ext=.js, size=22)
2026-02-07 00:32:41,942 - Knowledge - INFO - Fast-tracked /app/data/T0015/317339/b5823z3/ts-node-317339/tests/esm-child-process/process-forking-ts-abs/subfolder/worker.ts (ext=.ts, size=56)
2026-02-07 00:32:42,298 - Knowledge - INFO - Fast-tracked /app/data/T0015/317339/b5823z3/ts-node-317339/tests/esm-child-process/via-flag/index.ts (ext=.ts, size=156)
2026-02-07 00:32:42,523 - Knowledge - INFO - done ingest for /app/data/T0015/317339/b5823z3/ts-node-317339/raw/node-internal-errors-2d5d77306f6dff9110c1f77fefab25f973415770.js
2026-02-07 00:32:42,597 - Knowledge - INFO - [LLM_CALL] Completed: node-internal-modules-cjs-loader-2d5d77306f6dff9110c1f77fefab25f973415770.js:chunk1, Duration: 36962ms, PromptTokens: 21206, CompletionTokens: 611, Cost: $0.00236
2026-02-07 00:32:42,694 - Knowledge - INFO - Worker kw14 processing /app/data/T0015/317339/b5823z3/ts-node-317339/tests/esm-child-process/process-forking-js/index.ts
2026-02-07 00:32:42,803 - Knowledge - INFO - Worker kw10 processing /app/data/T0015/317339/b5823z3/ts-node-317339/tests/esm-child-process/process-forking-ts-abs/tsconfig.json
2026-02-07 00:32:42,854 - Knowledge - INFO - process ingested knowledge for /app/data/T0015/317339/b5823z3/ts-node-317339/tests/repl-in-esm-package/package.json
2026-02-07 00:32:42,896 - Knowledge - INFO - Worker kw19 processing /app/data/T0015/317339/b5823z3/ts-node-317339/tests/cwd-and-script-mode/b/tsconfig.json
2026-02-07 00:32:43,153 - Knowledge - INFO - done ingest for /app/data/T0015/317339/b5823z3/ts-node-317339/raw/node-internal-modules-cjs-loader-2d5d77306f6dff9110c1f77fefab25f973415770.js
2026-02-07 00:32:43,270 - Knowledge - INFO - Async storing batch of 6 embeddings
2026-02-07 00:32:43,295 - Knowledge - INFO - Fast-tracked /app/data/T0015/317339/b5823z3/ts-node-317339/tests/esm-child-process/process-forking-js/index.ts (ext=.ts, size=749)
2026-02-07 00:32:43,320 - Knowledge - INFO - Processing batch of 6 files
2026-02-07 00:32:43,322 - Knowledge - INFO - [LLM_CALL] Completed: configuration.ts:chunk1, Duration: 38207ms, PromptTokens: 7396, CompletionTokens: 732, Cost: $0.00103
2026-02-07 00:32:43,414 - Knowledge - INFO - Fast-tracked /app/data/T0015/317339/b5823z3/ts-node-317339/tests/esm-child-process/process-forking-ts-abs/tsconfig.json (ext=.json, size=90)
2026-02-07 00:32:43,618 - Knowledge - INFO - Worker kw20 processing /app/data/T0015/317339/b5823z3/ts-node-317339/tests/transpile-only-swc-shorthand-via-tsconfig/index.ts
2026-02-07 00:32:43,936 - Knowledge - INFO - Fast-tracked /app/data/T0015/317339/b5823z3/ts-node-317339/tests/cwd-and-script-mode/b/tsconfig.json (ext=.json, size=143)
2026-02-07 00:32:44,062 - Knowledge - INFO - Async storage completed for 6 embeddings
2026-02-07 00:32:44,147 - Knowledge - INFO - process ingested knowledge for /app/data/T0015/317339/b5823z3/ts-node-317339/tests/repl-in-esm-package/tsconfig.json
2026-02-07 00:32:44,253 - Knowledge - INFO - process ingested knowledge for /app/data/T0015/317339/b5823z3/ts-node-317339/src/child/spawn-child.ts
2026-02-07 00:32:44,387 - Knowledge - INFO - done ingest for /app/data/T0015/317339/b5823z3/ts-node-317339/src/configuration.ts
2026-02-07 00:32:44,398 - Knowledge - INFO - [LLM_CALL] Completed: node-internal-modules-cjs-helpers-v17.0.1.js:chunk1, Duration: 31542ms, PromptTokens: 3982, CompletionTokens: 631, Cost: $0.00065
2026-02-07 00:32:44,530 - Knowledge - INFO - Worker kw10 processing /app/data/T0015/317339/b5823z3/ts-node-317339/tests/esm-child-process/process-forking-ts-abs/index.ts
2026-02-07 00:32:44,766 - Knowledge - INFO - Fast-tracked /app/data/T0015/317339/b5823z3/ts-node-317339/tests/transpile-only-swc-shorthand-via-tsconfig/index.ts (ext=.ts, size=375)
2026-02-07 00:32:44,827 - Knowledge - INFO - Worker kw19 processing /app/data/T0015/317339/b5823z3/ts-node-317339/tests/cwd-and-script-mode/b/index.ts
2026-02-07 00:32:45,323 - Knowledge - INFO - done ingest for /app/data/T0015/317339/b5823z3/ts-node-317339/raw/node-internal-modules-cjs-helpers-v17.0.1.js
2026-02-07 00:32:45,365 - Knowledge - INFO - [LLM_CALL] Completed: node-internal-modules-cjs-loader-v17.0.1-stripped.js:chunk1, Duration: 24532ms, PromptTokens: 9034, CompletionTokens: 1043, Cost: $0.00132
2026-02-07 00:32:45,510 - Knowledge - INFO - Fast-tracked /app/data/T0015/317339/b5823z3/ts-node-317339/tests/esm-child-process/process-forking-ts-abs/index.ts (ext=.ts, size=753)
2026-02-07 00:32:45,544 - Knowledge - INFO - Worker kw20 processing /app/data/T0015/317339/b5823z3/ts-node-317339/tests/pluggable-dep-resolution/tsconfig-extend-swc.json
2026-02-07 00:32:45,703 - Knowledge - INFO - Fast-tracked /app/data/T0015/317339/b5823z3/ts-node-317339/tests/cwd-and-script-mode/b/index.ts (ext=.ts, size=222)
2026-02-07 00:32:45,703 - Knowledge - INFO - process ingested knowledge for /app/data/T0015/317339/b5823z3/ts-node-317339/tests/transpile-only-swc-via-tsconfig/tsconfig.json
2026-02-07 00:32:45,928 - Knowledge - INFO - done ingest for /app/data/T0015/317339/b5823z3/ts-node-317339/raw/node-internal-modules-cjs-loader-v17.0.1-stripped.js
2026-02-07 00:32:45,930 - Knowledge - INFO - [WEBSOCKET] Sent: Type=progress_update, Size: 292, Duration: 598ms
2026-02-07 00:32:46,014 - Knowledge - INFO - Worker kw10 processing /app/data/T0015/317339/b5823z3/ts-node-317339/tests/esm-child-process/via-flag/package.json
2026-02-07 00:32:46,127 - Knowledge - INFO - Fast-tracked /app/data/T0015/317339/b5823z3/ts-node-317339/tests/pluggable-dep-resolution/tsconfig-extend-swc.json (ext=.json, size=49)
2026-02-07 00:32:46,226 - Knowledge - INFO - Worker kw19 processing /app/data/T0015/317339/b5823z3/ts-node-317339/tests/cwd-and-script-mode/a/tsconfig.json
2026-02-07 00:32:46,734 - Knowledge - INFO - [LLM_CALL] Completed: index.ts:chunk1, Duration: 45961ms, PromptTokens: 25416, CompletionTokens: 906, Cost: $0.00290
2026-02-07 00:32:46,784 - Knowledge - INFO - Fast-tracked /app/data/T0015/317339/b5823z3/ts-node-317339/tests/esm-child-process/via-flag/package.json (ext=.json, size=23)
2026-02-07 00:32:46,855 - Knowledge - INFO - Worker kw20 processing /app/data/T0015/317339/b5823z3/ts-node-317339/tests/pluggable-dep-resolution/tsconfig-swc-wasm.json
2026-02-07 00:32:47,307 - Knowledge - INFO - Fast-tracked /app/data/T0015/317339/b5823z3/ts-node-317339/tests/cwd-and-script-mode/a/tsconfig.json (ext=.json, size=143)
2026-02-07 00:32:47,339 - Knowledge - INFO - process ingested knowledge for /app/data/T0015/317339/b5823z3/ts-node-317339/src/module-type-classifier.ts
2026-02-07 00:32:47,409 - Knowledge - INFO - done ingest for /app/data/T0015/317339/b5823z3/ts-node-317339/src/index.ts
2026-02-07 00:32:47,410 - Knowledge - INFO - [WEBSOCKET] Sent: Type=unknown, Size: ?, Duration: 2079ms
2026-02-07 00:32:47,507 - Knowledge - INFO - Worker kw10 processing /app/data/T0015/317339/b5823z3/ts-node-317339/tests/esm-child-process/via-flag/tsconfig.json
2026-02-07 00:32:47,671 - Knowledge - INFO - Fast-tracked /app/data/T0015/317339/b5823z3/ts-node-317339/tests/pluggable-dep-resolution/tsconfig-swc-wasm.json (ext=.json, size=120)
2026-02-07 00:32:47,780 - Knowledge - INFO - Worker kw19 processing /app/data/T0015/317339/b5823z3/ts-node-317339/tests/cwd-and-script-mode/a/index.ts
2026-02-07 00:32:48,202 - Knowledge - INFO - Progress: 34.9% | Files: 142/395 | Rate: 1.81 files/sec | Queue: 197
2026-02-07 00:32:48,203 - Knowledge - INFO - process ingested knowledge for /app/data/T0015/317339/b5823z3/ts-node-317339/tests/transpile-only-swc-via-tsconfig/index.ts
2026-02-07 00:32:48,347 - Knowledge - INFO - Fast-tracked /app/data/T0015/317339/b5823z3/ts-node-317339/tests/esm-child-process/via-flag/tsconfig.json (ext=.json, size=119)
2026-02-07 00:32:48,459 - Knowledge - INFO - Worker kw20 processing /app/data/T0015/317339/b5823z3/ts-node-317339/tests/pluggable-dep-resolution/tsconfig-swc-custom-backend.json
2026-02-07 00:32:48,647 - Knowledge - INFO - Fast-tracked /app/data/T0015/317339/b5823z3/ts-node-317339/tests/cwd-and-script-mode/a/index.ts (ext=.ts, size=222)
2026-02-07 00:32:49,013 - Knowledge - INFO - Async storage completed for 6 embeddings
2026-02-07 00:32:49,067 - Knowledge - INFO - [LLM_CALL] Completed: node-internal-modules-esm-resolve-v13.12.0.js:chunk1, Duration: 43226ms, PromptTokens: 10998, CompletionTokens: 1078, Cost: $0.00153
2026-02-07 00:32:49,262 - Knowledge - INFO - Fast-tracked /app/data/T0015/317339/b5823z3/ts-node-317339/tests/pluggable-dep-resolution/tsconfig-swc-custom-backend.json (ext=.json, size=121)
2026-02-07 00:32:49,320 - Knowledge - INFO - Worker kw19 processing /app/data/T0015/317339/b5823z3/ts-node-317339/tests/transpile-only-swc-shorthand-via-tsconfig/tsconfig.json
2026-02-07 00:32:49,531 - Knowledge - INFO - done ingest for /app/data/T0015/317339/b5823z3/ts-node-317339/raw/node-internal-modules-esm-resolve-v13.12.0.js
2026-02-07 00:32:49,534 - Knowledge - INFO - [LLM_CALL] Completed: node-internal-modules-esm-resolve-v15.3.0.js:chunk1, Duration: 36676ms, PromptTokens: 15110, CompletionTokens: 1264, Cost: $0.00202
2026-02-07 00:32:49,555 - Knowledge - INFO - [kw3] Queue=197, InProgress=0, PendingWorkers=20/20, Completed=149/395 (37.7%)
2026-02-07 00:32:49,555 - Knowledge - INFO - process ingested knowledge for /app/data/T0015/317339/b5823z3/ts-node-317339/src/file-extensions.ts
2026-02-07 00:32:49,600 - Knowledge - INFO - Worker kw20 processing /app/data/T0015/317339/b5823z3/ts-node-317339/tests/pluggable-dep-resolution/tsconfig-extend-custom-compiler.json
2026-02-07 00:32:49,707 - Knowledge - INFO - Fast-tracked /app/data/T0015/317339/b5823z3/ts-node-317339/tests/transpile-only-swc-shorthand-via-tsconfig/tsconfig.json (ext=.json, size=193)
2026-02-07 00:32:49,910 - Knowledge - INFO - done ingest for /app/data/T0015/317339/b5823z3/ts-node-317339/raw/node-internal-modules-esm-resolve-v15.3.0.js
2026-02-07 00:32:49,979 - Knowledge - INFO - Processing batch of 6 files
2026-02-07 00:32:50,001 - Knowledge - INFO - Batch sizing: calculated=5, max_allowed=10, queue=197, active_workers=20/20
2026-02-07 00:32:50,004 - Knowledge - INFO - [WEBSOCKET] Sent: Type=progress_update, Size: 292, Duration: 94ms
2026-02-07 00:32:50,005 - Knowledge - INFO - [kw5] Queue=197, InProgress=0, PendingWorkers=20/20, Completed=159/395 (40.3%)
2026-02-07 00:32:50,007 - Knowledge - INFO - [kw18] Queue=197, InProgress=0, PendingWorkers=20/20, Completed=159/395 (40.3%)
2026-02-07 00:32:50,304 - Knowledge - INFO - Fast-tracked /app/data/T0015/317339/b5823z3/ts-node-317339/tests/pluggable-dep-resolution/tsconfig-extend-custom-compiler.json (ext=.json, size=61)
2026-02-07 00:32:50,405 - Knowledge - INFO - Async storage completed for 6 embeddings
2026-02-07 00:32:50,476 - Knowledge - INFO - process ingested knowledge for /app/data/T0015/317339/b5823z3/ts-node-317339/src/esm.ts
2026-02-07 00:32:50,603 - Knowledge - INFO - process ingested knowledge for /app/data/T0015/317339/b5823z3/ts-node-317339/tests/custom-types.ts
2026-02-07 00:32:50,850 - Knowledge - INFO - [kw2] Queue=192, InProgress=0, PendingWorkers=20/20, Completed=159/395 (40.3%)
2026-02-07 00:32:50,851 - Knowledge - INFO - [kw4] Queue=192, InProgress=0, PendingWorkers=20/20, Completed=159/395 (40.3%)
2026-02-07 00:32:50,934 - Knowledge - INFO - Batch sizing: calculated=5, max_allowed=10, queue=197, active_workers=20/20
2026-02-07 00:32:50,991 - Knowledge - INFO - [LLM_CALL] Completed: node-internal-modules-cjs-loader-v15.3.0.js:chunk1, Duration: 50026ms, PromptTokens: 19626, CompletionTokens: 930, Cost: $0.00233
2026-02-07 00:32:51,015 - Knowledge - INFO - Batch sizing: calculated=5, max_allowed=10, queue=197, active_workers=20/20
2026-02-07 00:32:51,119 - Knowledge - INFO - Worker kw20 processing /app/data/T0015/317339/b5823z3/ts-node-317339/tests/pluggable-dep-resolution/tsconfig-extend-swc-core.json
2026-02-07 00:32:51,434 - Knowledge - INFO - process ingested knowledge for /app/data/T0015/317339/b5823z3/ts-node-317339/src/ts-compiler-types.ts
2026-02-07 00:32:51,534 - Knowledge - INFO - process ingested knowledge for /app/data/T0015/317339/b5823z3/ts-node-317339/tests/maxnodemodulesjsdepth-scoped/tsconfig.json
2026-02-07 00:32:51,696 - Knowledge - INFO - Batch sizing: calculated=5, max_allowed=10, queue=192, active_workers=20/20
2026-02-07 00:32:51,879 - Knowledge - INFO - Batch sizing: calculated=5, max_allowed=10, queue=192, active_workers=20/20
2026-02-07 00:32:52,176 - Knowledge - INFO - done ingest for /app/data/T0015/317339/b5823z3/ts-node-317339/raw/node-internal-modules-cjs-loader-v15.3.0.js
2026-02-07 00:32:52,176 - Knowledge - INFO - [WEBSOCKET] Sent: Type=unknown, Size: ?, Duration: 2265ms
2026-02-07 00:32:52,387 - Knowledge - INFO - Fast-tracked /app/data/T0015/317339/b5823z3/ts-node-317339/tests/pluggable-dep-resolution/tsconfig-extend-swc-core.json (ext=.json, size=54)
2026-02-07 00:32:52,460 - Knowledge - INFO - process ingested knowledge for /app/data/T0015/317339/b5823z3/ts-node-317339/src/bin.ts
2026-02-07 00:32:52,580 - Knowledge - INFO - process ingested knowledge for /app/data/T0015/317339/b5823z3/ts-node-317339/tests/maxnodemodulesjsdepth-scoped/index.ts
2026-02-07 00:32:52,949 - Knowledge - INFO - Progress: 37.5% | Files: 165/395 | Rate: 1.98 files/sec | Queue: 172
2026-02-07 00:32:52,949 - Knowledge - INFO - Async storing batch of 6 embeddings
2026-02-07 00:32:52,949 - Knowledge - INFO - Processing batch of 6 files
2026-02-07 00:32:52,950 - Knowledge - INFO - Processing batch of 6 files
2026-02-07 00:32:52,954 - Knowledge - INFO - Async storing batch of 6 embeddings
2026-02-07 00:32:52,954 - Knowledge - INFO - [LLM_CALL] Completed: node-internal-modules-esm-resolve-v15.3.0-stripped.js:chunk1, Duration: 52181ms, PromptTokens: 15100, CompletionTokens: 1298, Cost: $0.00203
2026-02-07 00:32:53,027 - Knowledge - INFO - Async storage completed for 6 embeddings
2026-02-07 00:32:53,219 - Knowledge - INFO - process ingested knowledge for /app/data/T0015/317339/b5823z3/ts-node-317339/tests/maxnodemodulesjsdepth-scoped/other.ts
2026-02-07 00:32:53,312 - Knowledge - INFO - [kw1] Queue=172, InProgress=0, PendingWorkers=20/20, Completed=167/395 (42.3%)
2026-02-07 00:32:53,441 - Knowledge - INFO - Worker kw3 processing /app/data/T0015/317339/b5823z3/ts-node-317339/tests/pluggable-dep-resolution/tsconfig-custom-transpiler.json
2026-02-07 00:32:53,546 - Knowledge - INFO - process ingested knowledge for /app/data/T0015/317339/b5823z3/ts-node-317339/tests/import-order/compiled.js
2026-02-07 00:32:53,646 - Knowledge - INFO - process ingested knowledge for /app/data/T0015/317339/b5823z3/ts-node-317339/tests/esm-child-process/process-forking-ts/package.json
2026-02-07 00:32:53,747 - Knowledge - INFO - Worker kw5 processing /app/data/T0015/317339/b5823z3/ts-node-317339/tests/pluggable-dep-resolution/tsconfig-extend-custom-transpiler.json
2026-02-07 00:32:53,842 - Knowledge - INFO - done ingest for /app/data/T0015/317339/b5823z3/ts-node-317339/raw/node-internal-modules-esm-resolve-v15.3.0-stripped.js
2026-02-07 00:32:53,844 - Knowledge - INFO - Async storing batch of 6 embeddings
2026-02-07 00:32:53,846 - Knowledge - INFO - Async storing batch of 6 embeddings
2026-02-07 00:32:53,848 - Knowledge - INFO - Async storing batch of 6 embeddings
2026-02-07 00:32:53,850 - Knowledge - INFO - [WEBSOCKET] Sent: Type=progress_update, Size: 293, Duration: 0ms
2026-02-07 00:32:54,026 - Knowledge - INFO - process ingested knowledge for /app/data/T0015/317339/b5823z3/ts-node-317339/tests/resolver/test.sh
2026-02-07 00:32:54,121 - Knowledge - INFO - Batch sizing: calculated=5, max_allowed=10, queue=172, active_workers=20/20
2026-02-07 00:32:54,218 - Knowledge - INFO - Fast-tracked /app/data/T0015/317339/b5823z3/ts-node-317339/tests/pluggable-dep-resolution/tsconfig-custom-transpiler.json (ext=.json, size=76)
2026-02-07 00:32:54,291 - Knowledge - INFO - process ingested knowledge for /app/data/T0015/317339/b5823z3/ts-node-317339/tests/import-order/compiled.ts
2026-02-07 00:32:54,361 - Knowledge - INFO - process ingested knowledge for /app/data/T0015/317339/b5823z3/ts-node-317339/tests/esm-child-process/process-forking-ts/subfolder/worker.ts
2026-02-07 00:32:54,434 - Knowledge - INFO - Fast-tracked /app/data/T0015/317339/b5823z3/ts-node-317339/tests/pluggable-dep-resolution/tsconfig-extend-custom-transpiler.json (ext=.json, size=63)
2026-02-07 00:32:54,820 - Knowledge - INFO - Worker kw18 processing /app/data/T0015/317339/b5823z3/ts-node-317339/tests/scope/a/index.ts
2026-02-07 00:32:54,947 - Knowledge - INFO - Worker kw2 processing /app/data/T0015/317339/b5823z3/ts-node-317339/tests/scope/c/scopedir/index.ts
2026-02-07 00:32:55,215 - Knowledge - INFO - Worker kw4 processing /app/data/T0015/317339/b5823z3/ts-node-317339/tests/esm-import-http-url/index.mjs
2026-02-07 00:32:55,520 - Knowledge - INFO - Processing batch of 6 files
2026-02-07 00:32:55,520 - Knowledge - INFO - [kw11] Queue=172, InProgress=0, PendingWorkers=20/20, Completed=175/395 (44.3%)
2026-02-07 00:32:55,558 - Knowledge - INFO - [WEBSOCKET] Sent: Type=unknown, Size: ?, Duration: 1708ms
2026-02-07 00:32:55,620 - Knowledge - INFO - process ingested knowledge for /app/data/T0015/317339/b5823z3/ts-node-317339/tests/resolver/README.md
2026-02-07 00:32:56,003 - Knowledge - INFO - Worker kw3 processing /app/data/T0015/317339/b5823z3/ts-node-317339/tests/pluggable-dep-resolution/tsconfig-extend-swc-custom-backend.json
2026-02-07 00:32:56,086 - Knowledge - INFO - process ingested knowledge for /app/data/T0015/317339/b5823z3/ts-node-317339/tests/import-order/defined.js
2026-02-07 00:32:56,214 - Knowledge - INFO - process ingested knowledge for /app/data/T0015/317339/b5823z3/ts-node-317339/tests/esm-child-process/process-forking-ts/tsconfig.json
2026-02-07 00:32:56,346 - Knowledge - INFO - Worker kw5 processing /app/data/T0015/317339/b5823z3/ts-node-317339/tests/pluggable-dep-resolution/tsconfig-swc.json
2026-02-07 00:32:56,435 - Knowledge - INFO - Fast-tracked /app/data/T0015/317339/b5823z3/ts-node-317339/tests/scope/a/index.ts (ext=.ts, size=71)
2026-02-07 00:32:56,521 - Knowledge - INFO - Fast-tracked /app/data/T0015/317339/b5823z3/ts-node-317339/tests/scope/c/scopedir/index.ts (ext=.ts, size=34)
2026-02-07 00:32:56,616 - Knowledge - INFO - Fast-tracked /app/data/T0015/317339/b5823z3/ts-node-317339/tests/esm-import-http-url/index.mjs (ext=.mjs, size=77)
2026-02-07 00:32:56,708 - Knowledge - INFO - process ingested knowledge for /app/data/T0015/317339/b5823z3/ts-node-317339/tests/esm-child-process/via-tsconfig/tsconfig.json
2026-02-07 00:32:56,811 - Knowledge - INFO - Batch sizing: calculated=5, max_allowed=10, queue=172, active_workers=20/20
2026-02-07 00:32:56,883 - Knowledge - INFO - Progress: 42.5% | Files: 177/395 | Rate: 1.99 files/sec | Queue: 167
2026-02-07 00:32:56,884 - Knowledge - INFO - Processing batch of 6 files
2026-02-07 00:32:56,886 - Knowledge - INFO - Processing batch of 6 files
2026-02-07 00:32:56,886 - Knowledge - INFO - Processing batch of 6 files
2026-02-07 00:32:56,887 - Knowledge - INFO - Async storing batch of 6 embeddings
2026-02-07 00:32:56,887 - Knowledge - INFO - [LLM_CALL] Completed: node-internal-modules-cjs-loader-v17.0.1.js:chunk1, Duration: 29070ms, PromptTokens: 19940, CompletionTokens: 1613, Cost: $0.00264
2026-02-07 00:32:57,067 - Knowledge - INFO - Fast-tracked /app/data/T0015/317339/b5823z3/ts-node-317339/tests/pluggable-dep-resolution/tsconfig-extend-swc-custom-backend.json (ext=.json, size=64)
2026-02-07 00:32:57,178 - Knowledge - INFO - process ingested knowledge for /app/data/T0015/317339/b5823z3/ts-node-317339/tests/import-order/defined.d.ts
2026-02-07 00:32:57,348 - Knowledge - INFO - process ingested knowledge for /app/data/T0015/317339/b5823z3/ts-node-317339/tests/esm-child-process/process-forking-ts/index.ts
2026-02-07 00:32:57,396 - Knowledge - INFO - Fast-tracked /app/data/T0015/317339/b5823z3/ts-node-317339/tests/pluggable-dep-resolution/tsconfig-swc.json (ext=.json, size=31)
2026-02-07 00:32:57,469 - Knowledge - INFO - Worker kw18 processing /app/data/T0015/317339/b5823z3/ts-node-317339/tests/scope/a/log.ts
2026-02-07 00:32:57,533 - Knowledge - INFO - Worker kw2 processing /app/data/T0015/317339/b5823z3/ts-node-317339/tests/scope/c/index.js
2026-02-07 00:32:57,648 - Knowledge - INFO - Worker kw4 processing /app/data/T0015/317339/b5823z3/ts-node-317339/tests/legacy-source-map-support-interop/index.ts
2026-02-07 00:32:57,711 - Knowledge - INFO - process ingested knowledge for /app/data/T0015/317339/b5823z3/ts-node-317339/tests/esm-child-process/via-tsconfig/index.ts
2026-02-07 00:32:57,910 - Knowledge - INFO - [kw7] Queue=162, InProgress=0, PendingWorkers=20/20, Completed=183/395 (46.3%)
2026-02-07 00:32:57,981 - Knowledge - INFO - process ingested knowledge for /app/data/T0015/317339/b5823z3/ts-node-317339/tests/esm-child-process/process-forking-ts-abs/package.json
2026-02-07 00:32:58,050 - Knowledge - INFO - process ingested knowledge for /app/data/T0015/317339/b5823z3/ts-node-317339/src/ts-transpile-module.ts
2026-02-07 00:32:58,144 - Knowledge - INFO - process ingested knowledge for /app/data/T0015/317339/b5823z3/ts-node-317339/tests/transpile-only-swc-shorthand-via-tsconfig/index.ts
2026-02-07 00:32:58,227 - Knowledge - INFO - Worker kw1 processing /app/data/T0015/317339/b5823z3/ts-node-317339/tests/tsconfig-options/tsconfig.json
2026-02-07 00:32:58,326 - Knowledge - INFO - done ingest for /app/data/T0015/317339/b5823z3/ts-node-317339/raw/node-internal-modules-cjs-loader-v17.0.1.js
2026-02-07 00:32:58,330 - Knowledge - INFO - [WEBSOCKET] Sent: Type=progress_update, Size: 290, Duration: 0ms
2026-02-07 00:32:58,330 - Knowledge - INFO - Async storing batch of 6 embeddings
2026-02-07 00:32:58,413 - Knowledge - INFO - Worker kw3 processing /app/data/T0015/317339/b5823z3/ts-node-317339/tests/pluggable-dep-resolution/tsconfig-extend-swc-wasm.json
2026-02-07 00:32:58,493 - Knowledge - INFO - process ingested knowledge for /app/data/T0015/317339/b5823z3/ts-node-317339/tests/import-order/importer.ts
2026-02-07 00:32:58,556 - Knowledge - INFO - process ingested knowledge for /app/data/T0015/317339/b5823z3/ts-node-317339/tests/esm-child-process/via-tsconfig/package.json
2026-02-07 00:32:58,637 - Knowledge - INFO - Worker kw5 processing /app/data/T0015/317339/b5823z3/ts-node-317339/tests/scope/b/tsconfig.json
2026-02-07 00:32:58,716 - Knowledge - INFO - Fast-tracked /app/data/T0015/317339/b5823z3/ts-node-317339/tests/scope/a/log.ts (ext=.ts, size=50)
2026-02-07 00:32:58,788 - Knowledge - INFO - Fast-tracked /app/data/T0015/317339/b5823z3/ts-node-317339/tests/scope/c/index.js (ext=.js, size=468)
2026-02-07 00:32:58,888 - Knowledge - INFO - Fast-tracked /app/data/T0015/317339/b5823z3/ts-node-317339/tests/legacy-source-map-support-interop/index.ts (ext=.ts, size=655)
2026-02-07 00:32:58,967 - Knowledge - INFO - process ingested knowledge for /app/data/T0015/317339/b5823z3/ts-node-317339/tests/esm-child-process/process-forking-js/package.json
2026-02-07 00:32:59,091 - Knowledge - INFO - Batch sizing: calculated=5, max_allowed=10, queue=162, active_workers=20/20
2026-02-07 00:32:59,196 - Knowledge - INFO - process ingested knowledge for /app/data/T0015/317339/b5823z3/ts-node-317339/tests/esm-child-process/process-forking-ts-abs/subfolder/worker.ts
2026-02-07 00:32:59,281 - Knowledge - INFO - process ingested knowledge for /app/data/T0015/317339/b5823z3/ts-node-317339/src/bin-cwd.ts
2026-02-07 00:32:59,363 - Knowledge - INFO - process ingested knowledge for /app/data/T0015/317339/b5823z3/ts-node-317339/tests/pluggable-dep-resolution/tsconfig-extend-swc.json
2026-02-07 00:32:59,448 - Knowledge - INFO - Fast-tracked /app/data/T0015/317339/b5823z3/ts-node-317339/tests/tsconfig-options/tsconfig.json (ext=.json, size=313)
2026-02-07 00:32:59,606 - Knowledge - INFO - [WEBSOCKET] Sent: Type=unknown, Size: ?, Duration: 1276ms
2026-02-07 00:32:59,710 - Knowledge - INFO - Worker kw11 processing /app/data/T0015/317339/b5823z3/ts-node-317339/tests/tsconfig-extends-multiple/d/tsconfig.json
2026-02-07 00:32:59,803 - Knowledge - INFO - Fast-tracked /app/data/T0015/317339/b5823z3/ts-node-317339/tests/pluggable-dep-resolution/tsconfig-extend-swc-wasm.json (ext=.json, size=54)
2026-02-07 00:32:59,910 - Knowledge - INFO - process ingested knowledge for /app/data/T0015/317339/b5823z3/ts-node-317339/tests/package.json
2026-02-07 00:32:59,990 - Knowledge - INFO - process ingested knowledge for /app/data/T0015/317339/b5823z3/ts-node-317339/tests/esm-child-process/via-tsconfig/sleep.ts
2026-02-07 00:33:00,102 - Knowledge - INFO - Fast-tracked /app/data/T0015/317339/b5823z3/ts-node-317339/tests/scope/b/tsconfig.json (ext=.json, size=59)
2026-02-07 00:33:00,213 - Knowledge - INFO - Worker kw18 processing /app/data/T0015/317339/b5823z3/ts-node-317339/tests/scope/c/config/scopedir/index.ts
2026-02-07 00:33:00,317 - Knowledge - INFO - Worker kw2 processing /app/data/T0015/317339/b5823z3/ts-node-317339/tests/issue-884/index-2.ts
2026-02-07 00:33:00,407 - Knowledge - INFO - Worker kw4 processing /app/data/T0015/317339/b5823z3/ts-node-317339/tests/signals.ts
2026-02-07 00:33:00,491 - Knowledge - INFO - process ingested knowledge for /app/data/T0015/317339/b5823z3/ts-node-317339/tests/esm-child-process/process-forking-js/tsconfig.json
2026-02-07 00:33:00,637 - Knowledge - INFO - process ingested knowledge for /app/data/T0015/317339/b5823z3/ts-node-317339/tests/esm-child-process/process-forking-ts-abs/tsconfig.json
2026-02-07 00:33:00,709 - Knowledge - INFO - process ingested knowledge for /app/data/T0015/317339/b5823z3/ts-node-317339/src/ts-internals.ts
2026-02-07 00:33:00,826 - Knowledge - INFO - process ingested knowledge for /app/data/T0015/317339/b5823z3/ts-node-317339/tests/pluggable-dep-resolution/tsconfig-swc-wasm.json
2026-02-07 00:33:00,905 - Knowledge - INFO - Worker kw1 processing /app/data/T0015/317339/b5823z3/ts-node-317339/tests/tsconfig-options/required1.js
2026-02-07 00:33:01,015 - Knowledge - INFO - Progress: 47.6% | Files: 193/395 | Rate: 2.06 files/sec | Queue: 157
2026-02-07 00:33:01,017 - Knowledge - INFO - Processing batch of 6 files
2026-02-07 00:33:01,017 - Knowledge - INFO - Processing batch of 6 files
2026-02-07 00:33:01,018 - Knowledge - INFO - Async storing batch of 6 embeddings
2026-02-07 00:33:01,018 - Knowledge - INFO - Processing batch of 6 files
2026-02-07 00:33:01,035 - Knowledge - INFO - Processing batch of 6 files
2026-02-07 00:33:01,050 - Knowledge - INFO - Processing batch of 6 files
2026-02-07 00:33:01,132 - Knowledge - INFO - Fast-tracked /app/data/T0015/317339/b5823z3/ts-node-317339/tests/tsconfig-extends-multiple/d/tsconfig.json (ext=.json, size=114)
2026-02-07 00:33:01,237 - Knowledge - INFO - Worker kw3 processing /app/data/T0015/317339/b5823z3/ts-node-317339/tests/pluggable-dep-resolution/tsconfig-custom-compiler.json
2026-02-07 00:33:01,502 - Knowledge - INFO - Worker kw5 processing /app/data/T0015/317339/b5823z3/ts-node-317339/tests/scope/b/index.ts
2026-02-07 00:33:01,589 - Knowledge - INFO - Fast-tracked /app/data/T0015/317339/b5823z3/ts-node-317339/tests/scope/c/config/scopedir/index.ts (ext=.ts, size=34)
2026-02-07 00:33:01,675 - Knowledge - INFO - Fast-tracked /app/data/T0015/317339/b5823z3/ts-node-317339/tests/issue-884/index-2.ts (ext=.ts, size=96)
2026-02-07 00:33:01,791 - Knowledge - INFO - Fast-tracked /app/data/T0015/317339/b5823z3/ts-node-317339/tests/signals.ts (ext=.ts, size=314)
2026-02-07 00:33:01,947 - Knowledge - INFO - process ingested knowledge for /app/data/T0015/317339/b5823z3/ts-node-317339/tests/esm-child-process/process-forking-js/worker.js
2026-02-07 00:33:02,082 - Knowledge - INFO - process ingested knowledge for /app/data/T0015/317339/b5823z3/ts-node-317339/tests/esm-child-process/process-forking-ts-abs/index.ts
2026-02-07 00:33:02,152 - Knowledge - INFO - process ingested knowledge for /app/data/T0015/317339/b5823z3/ts-node-317339/src/tsconfigs.ts
2026-02-07 00:33:02,206 - Knowledge - INFO - [WEBSOCKET] Sent: Type=progress_update, Size: 292, Duration: 0ms
2026-02-07 00:33:02,207 - Knowledge - INFO - process ingested knowledge for /app/data/T0015/317339/b5823z3/ts-node-317339/tests/pluggable-dep-resolution/tsconfig-swc-custom-backend.json
2026-02-07 00:33:02,262 - Knowledge - INFO - Fast-tracked /app/data/T0015/317339/b5823z3/ts-node-317339/tests/tsconfig-options/required1.js (ext=.js, size=26)
2026-02-07 00:33:02,369 - Knowledge - INFO - [kw8] Queue=157, InProgress=0, PendingWorkers=20/20, Completed=198/395 (50.1%)
2026-02-07 00:33:02,451 - Knowledge - INFO - process ingested knowledge for /app/data/T0015/317339/b5823z3/ts-node-317339/tests/esm-child-process/via-flag/index.ts
2026-02-07 00:33:02,544 - Knowledge - INFO - process ingested knowledge for /app/data/T0015/317339/b5823z3/ts-node-317339/raw/node-internal-modules-package_json_reader-v15.3.0.js
2026-02-07 00:33:02,636 - Knowledge - INFO - Worker kw7 processing /app/data/T0015/317339/b5823z3/ts-node-317339/tests/esm-import-cache/log1.ts
2026-02-07 00:33:02,745 - Knowledge - INFO - process ingested knowledge for /app/data/T0015/317339/b5823z3/ts-node-317339/raw/node-internal-modules-cjs-loader-v15.3.0.js
2026-02-07 00:33:02,827 - Knowledge - INFO - process ingested knowledge for /app/data/T0015/317339/b5823z3/ts-node-317339/src/index.ts
2026-02-07 00:33:02,930 - Knowledge - INFO - process ingested knowledge for /app/data/T0015/317339/b5823z3/ts-node-317339/raw/node-internal-modules-esm-resolve-v15.3.0-stripped.js
2026-02-07 00:33:03,039 - Knowledge - INFO - Worker kw11 processing /app/data/T0015/317339/b5823z3/ts-node-317339/tests/tsconfig-extends-multiple/b/tsconfig.json
2026-02-07 00:33:03,121 - Knowledge - INFO - Fast-tracked /app/data/T0015/317339/b5823z3/ts-node-317339/tests/pluggable-dep-resolution/tsconfig-custom-compiler.json (ext=.json, size=72)
2026-02-07 00:33:03,207 - Knowledge - INFO - Fast-tracked /app/data/T0015/317339/b5823z3/ts-node-317339/tests/scope/b/index.ts (ext=.ts, size=71)
2026-02-07 00:33:03,282 - Knowledge - INFO - Worker kw18 processing /app/data/T0015/317339/b5823z3/ts-node-317339/tests/scope/c/config/tsconfig.json
2026-02-07 00:33:03,390 - Knowledge - INFO - Worker kw2 processing /app/data/T0015/317339/b5823z3/ts-node-317339/tests/issue-884/tsconfig.json
2026-02-07 00:33:03,478 - Knowledge - INFO - Worker kw4 processing /app/data/T0015/317339/b5823z3/ts-node-317339/tests/tsconfig-options/log-options2.js
2026-02-07 00:33:03,580 - Knowledge - INFO - process ingested knowledge for /app/data/T0015/317339/b5823z3/ts-node-317339/tests/esm-child-process/process-forking-js/index.ts
2026-02-07 00:33:03,680 - Knowledge - INFO - process ingested knowledge for /app/data/T0015/317339/b5823z3/ts-node-317339/tests/esm-child-process/via-flag/package.json
2026-02-07 00:33:03,748 - Knowledge - INFO - process ingested knowledge for /app/data/T0015/317339/b5823z3/ts-node-317339/src/bin-transpile.ts
2026-02-07 00:33:03,837 - Knowledge - INFO - [kw9] Queue=157, InProgress=0, PendingWorkers=20/20, Completed=198/395 (50.1%)
2026-02-07 00:33:03,838 - Knowledge - INFO - [WEBSOCKET] Sent: Type=unknown, Size: ?, Duration: 1631ms
2026-02-07 00:33:03,929 - Knowledge - INFO - process ingested knowledge for /app/data/T0015/317339/b5823z3/ts-node-317339/tests/pluggable-dep-resolution/tsconfig-extend-custom-compiler.json
2026-02-07 00:33:04,017 - Knowledge - INFO - Worker kw1 processing /app/data/T0015/317339/b5823z3/ts-node-317339/tests/tsconfig-options/log-options1.js
2026-02-07 00:33:04,091 - Knowledge - INFO - Batch sizing: calculated=5, max_allowed=10, queue=157, active_workers=20/20
2026-02-07 00:33:04,199 - Knowledge - INFO - process ingested knowledge for /app/data/T0015/317339/b5823z3/ts-node-317339/tests/cwd-and-script-mode/b/tsconfig.json
2026-02-07 00:33:04,301 - Knowledge - INFO - process ingested knowledge for /app/data/T0015/317339/b5823z3/ts-node-317339/raw/README.md
2026-02-07 00:33:04,411 - Knowledge - INFO - Fast-tracked /app/data/T0015/317339/b5823z3/ts-node-317339/tests/esm-import-cache/log1.ts (ext=.ts, size=21)
2026-02-07 00:33:04,515 - Knowledge - INFO - process ingested knowledge for /app/data/T0015/317339/b5823z3/ts-node-317339/raw/node-internal-modules-esm-resolve-v13.12.0.js
2026-02-07 00:33:04,596 - Knowledge - INFO - process ingested knowledge for /app/data/T0015/317339/b5823z3/ts-node-317339/src/configuration.ts
2026-02-07 00:33:04,672 - Knowledge - INFO - process ingested knowledge for /app/data/T0015/317339/b5823z3/ts-node-317339/raw/node-internal-modules-cjs-loader-2d5d77306f6dff9110c1f77fefab25f973415770.js
2026-02-07 00:33:04,749 - Knowledge - INFO - Fast-tracked /app/data/T0015/317339/b5823z3/ts-node-317339/tests/tsconfig-extends-multiple/b/tsconfig.json (ext=.json, size=270)
2026-02-07 00:33:04,819 - Knowledge - INFO - Worker kw3 processing /app/data/T0015/317339/b5823z3/ts-node-317339/tests/pluggable-dep-resolution/tsconfig-swc-core.json
2026-02-07 00:33:04,913 - Knowledge - INFO - Worker kw5 processing /app/data/T0015/317339/b5823z3/ts-node-317339/tests/scope/a/tsconfig.json
2026-02-07 00:33:04,993 - Knowledge - INFO - Fast-tracked /app/data/T0015/317339/b5823z3/ts-node-317339/tests/scope/c/config/tsconfig.json (ext=.json, size=71)
2026-02-07 00:33:05,078 - Knowledge - INFO - Fast-tracked /app/data/T0015/317339/b5823z3/ts-node-317339/tests/issue-884/tsconfig.json (ext=.json, size=455)
2026-02-07 00:33:05,151 - Knowledge - INFO - Fast-tracked /app/data/T0015/317339/b5823z3/ts-node-317339/tests/tsconfig-options/log-options2.js (ext=.js, size=88)
2026-02-07 00:33:05,423 - Knowledge - INFO - process ingested knowledge for /app/data/T0015/317339/b5823z3/ts-node-317339/tests/esm-child-process/via-flag/tsconfig.json
2026-02-07 00:33:05,499 - Knowledge - INFO - process ingested knowledge for /app/data/T0015/317339/b5823z3/ts-node-317339/src/resolver-functions.ts
2026-02-07 00:33:05,566 - Knowledge - INFO - Batch sizing: calculated=5, max_allowed=10, queue=157, active_workers=20/20
2026-02-07 00:33:05,648 - Knowledge - INFO - Progress: 50.1% | Files: 198/395 | Rate: 2.03 files/sec | Queue: 157
2026-02-07 00:33:05,774 - Knowledge - INFO - process ingested knowledge for /app/data/T0015/317339/b5823z3/ts-node-317339/tests/pluggable-dep-resolution/tsconfig-extend-swc-core.json
2026-02-07 00:33:05,802 - Knowledge - INFO - [kw14] Queue=157, InProgress=0, PendingWorkers=20/20, Completed=198/395 (50.1%)
2026-02-07 00:33:05,862 - Knowledge - INFO - Fast-tracked /app/data/T0015/317339/b5823z3/ts-node-317339/tests/tsconfig-options/log-options1.js (ext=.js, size=228)
2026-02-07 00:33:05,926 - Knowledge - INFO - Async storing batch of 6 embeddings
2026-02-07 00:33:06,032 - Knowledge - INFO - process ingested knowledge for /app/data/T0015/317339/b5823z3/ts-node-317339/tests/cwd-and-script-mode/b/index.ts
2026-02-07 00:33:06,145 - Knowledge - INFO - process ingested knowledge for /app/data/T0015/317339/b5823z3/ts-node-317339/raw/node-internal-errors-b533fb3508009e5f567cc776daba8fbf665386a6.js
2026-02-07 00:33:06,246 - Knowledge - INFO - Worker kw7 processing /app/data/T0015/317339/b5823z3/ts-node-317339/tests/esm-import-cache/package.json
2026-02-07 00:33:06,327 - Knowledge - INFO - process ingested knowledge for /app/data/T0015/317339/b5823z3/ts-node-317339/raw/node-internal-modules-cjs-helpers-v17.0.1.js
2026-02-07 00:33:06,435 - Knowledge - INFO - process ingested knowledge for /app/data/T0015/317339/b5823z3/ts-node-317339/src/cjs-resolve-hooks.ts
2026-02-07 00:33:06,515 - Knowledge - INFO - process ingested knowledge for /app/data/T0015/317339/b5823z3/ts-node-317339/raw/node-internal-modules-esm-resolve-v15.3.0.js
2026-02-07 00:33:06,588 - Knowledge - INFO - Worker kw11 processing /app/data/T0015/317339/b5823z3/ts-node-317339/tests/tsconfig-extends-multiple/a/tsconfig.json
2026-02-07 00:33:06,665 - Knowledge - INFO - Fast-tracked /app/data/T0015/317339/b5823z3/ts-node-317339/tests/pluggable-dep-resolution/tsconfig-swc-core.json (ext=.json, size=120)
2026-02-07 00:33:06,731 - Knowledge - INFO - Fast-tracked /app/data/T0015/317339/b5823z3/ts-node-317339/tests/scope/a/tsconfig.json (ext=.json, size=59)
2026-02-07 00:33:06,799 - Knowledge - INFO - Worker kw18 processing /app/data/T0015/317339/b5823z3/ts-node-317339/tests/scope/c/config/index.ts
2026-02-07 00:33:06,914 - Knowledge - INFO - Worker kw2 processing /app/data/T0015/317339/b5823z3/ts-node-317339/tests/issue-884/index.ts
2026-02-07 00:33:06,982 - Knowledge - INFO - Worker kw4 processing /app/data/T0015/317339/b5823z3/ts-node-317339/tests/tsconfig-options/required2.js
2026-02-07 00:33:07,362 - Knowledge - INFO - Async storing batch of 6 embeddings
2026-02-07 00:33:07,435 - Knowledge - INFO - [kw6] Queue=147, InProgress=0, PendingWorkers=20/20, Completed=198/395 (50.1%)
2026-02-07 00:33:07,548 - Knowledge - INFO - Batch sizing: calculated=5, max_allowed=10, queue=157, active_workers=20/20
2026-02-07 00:33:07,639 - Knowledge - INFO - Worker kw1 processing /app/data/T0015/317339/b5823z3/ts-node-317339/tests/env.ts
2026-02-07 00:33:07,719 - Knowledge - INFO - Worker kw8 processing /app/data/T0015/317339/b5823z3/ts-node-317339/tests/typings/does-not-exist/index.d.ts
2026-02-07 00:33:07,967 - Knowledge - INFO - Fast-tracked /app/data/T0015/317339/b5823z3/ts-node-317339/tests/esm-import-cache/package.json (ext=.json, size=23)
2026-02-07 00:33:07,989 - Knowledge - INFO - process ingested knowledge for /app/data/T0015/317339/b5823z3/ts-node-317339/tests/cwd-and-script-mode/a/tsconfig.json
2026-02-07 00:33:08,132 - Knowledge - INFO - process ingested knowledge for /app/data/T0015/317339/b5823z3/ts-node-317339/raw/node-internal-errors-2d5d77306f6dff9110c1f77fefab25f973415770.js
2026-02-07 00:33:08,218 - Knowledge - INFO - process ingested knowledge for /app/data/T0015/317339/b5823z3/ts-node-317339/src/util.ts
2026-02-07 00:33:08,218 - Knowledge - INFO - process ingested knowledge for /app/data/T0015/317339/b5823z3/ts-node-317339/raw/node-internal-modules-cjs-helpers-v17.0.1-stripped.js
2026-02-07 00:33:08,281 - Knowledge - INFO - [kw10] Queue=147, InProgress=0, PendingWorkers=20/20, Completed=198/395 (50.1%)
2026-02-07 00:33:08,282 - Knowledge - INFO - process ingested knowledge for /app/data/T0015/317339/b5823z3/ts-node-317339/raw/node-internal-modules-cjs-loader-v17.0.1-stripped.js
2026-02-07 00:33:08,286 - Knowledge - INFO - Fast-tracked /app/data/T0015/317339/b5823z3/ts-node-317339/tests/tsconfig-extends-multiple/a/tsconfig.json (ext=.json, size=187)
2026-02-07 00:33:08,358 - Knowledge - INFO - [kw12] Queue=147, InProgress=0, PendingWorkers=20/20, Completed=198/395 (50.1%)
2026-02-07 00:33:08,399 - Knowledge - INFO - Async storage completed for 6 embeddings
2026-02-07 00:33:08,488 - Knowledge - INFO - Async storage completed for 6 embeddings
2026-02-07 00:33:08,569 - Knowledge - INFO - Fast-tracked /app/data/T0015/317339/b5823z3/ts-node-317339/tests/scope/c/config/index.ts (ext=.ts, size=34)
2026-02-07 00:33:08,605 - Knowledge - INFO - [kw20] Queue=147, InProgress=0, PendingWorkers=20/20, Completed=198/395 (50.1%)
2026-02-07 00:33:08,665 - Knowledge - INFO - Fast-tracked /app/data/T0015/317339/b5823z3/ts-node-317339/tests/issue-884/index.ts (ext=.ts, size=162)
2026-02-07 00:33:08,740 - Knowledge - INFO - Fast-tracked /app/data/T0015/317339/b5823z3/ts-node-317339/tests/tsconfig-options/required2.js (ext=.js, size=64)
2026-02-07 00:33:08,838 - Knowledge - INFO - Worker kw9 processing /app/data/T0015/317339/b5823z3/ts-node-317339/tests/emit-compiled.ts
2026-02-07 00:33:08,931 - Knowledge - INFO - Batch sizing: calculated=5, max_allowed=10, queue=147, active_workers=20/20
2026-02-07 00:33:09,009 - Knowledge - INFO - Async storing batch of 6 embeddings
2026-02-07 00:33:09,102 - Knowledge - INFO - Fast-tracked /app/data/T0015/317339/b5823z3/ts-node-317339/tests/env.ts (ext=.ts, size=79)
2026-02-07 00:33:09,188 - Knowledge - INFO - Fast-tracked /app/data/T0015/317339/b5823z3/ts-node-317339/tests/typings/does-not-exist/index.d.ts (ext=.ts, size=68)
2026-02-07 00:33:09,276 - Knowledge - INFO - Worker kw7 processing /app/data/T0015/317339/b5823z3/ts-node-317339/tests/esm-import-cache/log2.ts
2026-02-07 00:33:09,353 - Knowledge - INFO - process ingested knowledge for /app/data/T0015/317339/b5823z3/ts-node-317339/tests/cwd-and-script-mode/a/index.ts
2026-02-07 00:33:09,455 - Knowledge - INFO - process ingested knowledge for /app/data/T0015/317339/b5823z3/ts-node-317339/raw/node-internal-errors-2d5d77306f6dff9110c1f77fefab25f973415770-stripped.js
2026-02-07 00:33:09,538 - Knowledge - INFO - process ingested knowledge for /app/data/T0015/317339/b5823z3/ts-node-317339/src/transpilers/swc.ts
2026-02-07 00:33:09,613 - Knowledge - INFO - process ingested knowledge for /app/data/T0015/317339/b5823z3/ts-node-317339/raw/download-and-compare.sh
2026-02-07 00:33:09,746 - Knowledge - INFO - Batch sizing: calculated=5, max_allowed=10, queue=147, active_workers=20/20
2026-02-07 00:33:09,821 - Knowledge - INFO - process ingested knowledge for /app/data/T0015/317339/b5823z3/ts-node-317339/raw/node-internal-modules-cjs-loader-v15.3.0-stripped.js
2026-02-07 00:33:09,941 - Knowledge - INFO - Worker kw11 processing /app/data/T0015/317339/b5823z3/ts-node-317339/tests/tsconfig-extends-multiple/tsconfig.json
2026-02-07 00:33:10,042 - Knowledge - INFO - Batch sizing: calculated=5, max_allowed=10, queue=147, active_workers=20/20
2026-02-07 00:33:10,154 - Knowledge - INFO - Processing batch of 5 files
2026-02-07 00:33:10,309 - Knowledge - INFO - Processing batch of 5 files
2026-02-07 00:33:10,366 - Knowledge - INFO - Async storage completed for 6 embeddings
2026-02-07 00:33:10,443 - Knowledge - INFO - Batch sizing: calculated=5, max_allowed=10, queue=147, active_workers=20/20
2026-02-07 00:33:10,540 - Knowledge - INFO - Async storage completed for 6 embeddings
2026-02-07 00:33:10,626 - Knowledge - INFO - Async storage completed for 6 embeddings
2026-02-07 00:33:10,717 - Knowledge - INFO - Fast-tracked /app/data/T0015/317339/b5823z3/ts-node-317339/tests/emit-compiled.ts (ext=.ts, size=345)
2026-02-07 00:33:10,799 - Knowledge - INFO - Async storing batch of 6 embeddings
2026-02-07 00:33:10,895 - Knowledge - INFO - Worker kw14 processing /app/data/T0015/317339/b5823z3/ts-node-317339/tests/esm-custom-loader/tsconfig.json
2026-02-07 00:33:10,975 - Knowledge - INFO - Worker kw1 processing /app/data/T0015/317339/b5823z3/ts-node-317339/tests/jsx-react.tsx
2026-02-07 00:33:11,075 - Knowledge - INFO - Worker kw8 processing /app/data/T0015/317339/b5823z3/ts-node-317339/tests/ts45-ext/ext-cts/tsconfig.json
2026-02-07 00:33:11,186 - Knowledge - INFO - Fast-tracked /app/data/T0015/317339/b5823z3/ts-node-317339/tests/esm-import-cache/log2.ts (ext=.ts, size=21)
2026-02-07 00:33:11,269 - Knowledge - INFO - process ingested knowledge for /app/data/T0015/317339/b5823z3/ts-node-317339/tests/transpile-only-swc-shorthand-via-tsconfig/tsconfig.json
2026-02-07 00:33:11,356 - Knowledge - INFO - process ingested knowledge for /app/data/T0015/317339/b5823z3/ts-node-317339/raw/node-internal-errors-b533fb3508009e5f567cc776daba8fbf665386a6-stripped.js
2026-02-07 00:33:11,442 - Knowledge - INFO - process ingested knowledge for /app/data/T0015/317339/b5823z3/ts-node-317339/src/transpilers/types.ts
2026-02-07 00:33:11,553 - Knowledge - INFO - process ingested knowledge for /app/data/T0015/317339/b5823z3/ts-node-317339/raw/node-internal-repl-await-v17.0.0.js
2026-02-07 00:33:11,630 - Knowledge - INFO - Async storing batch of 6 embeddings
2026-02-07 00:33:11,739 - Knowledge - INFO - process ingested knowledge for /app/data/T0015/317339/b5823z3/ts-node-317339/raw/node-internal-modules-cjs-loader-v17.0.1.js
2026-02-07 00:33:11,829 - Knowledge - INFO - Fast-tracked /app/data/T0015/317339/b5823z3/ts-node-317339/tests/tsconfig-extends-multiple/tsconfig.json (ext=.json, size=105)
2026-02-07 00:33:11,904 - Knowledge - INFO - Async storing batch of 6 embeddings
2026-02-07 00:33:12,009 - Knowledge - INFO - process ingested knowledge for /app/data/T0015/317339/b5823z3/ts-node-317339/tests/pluggable-dep-resolution/tsconfig-custom-transpiler.json
2026-02-07 00:33:12,079 - Knowledge - INFO - process ingested knowledge for /app/data/T0015/317339/b5823z3/ts-node-317339/tests/pluggable-dep-resolution/tsconfig-extend-custom-transpiler.json
2026-02-07 00:33:12,211 - Knowledge - INFO - Processing batch of 5 files
2026-02-07 00:33:12,304 - Knowledge - INFO - Async storing batch of 6 embeddings
2026-02-07 00:33:12,438 - Knowledge - INFO - Processing batch of 5 files
2026-02-07 00:33:12,517 - Knowledge - INFO - Processing batch of 5 files
2026-02-07 00:33:12,559 - Knowledge - INFO - Worker kw9 processing /app/data/T0015/317339/b5823z3/ts-node-317339/tests/transpile-only-swc-native-esm/package.json
2026-02-07 00:33:12,629 - Knowledge - INFO - Worker kw6 processing /app/data/T0015/317339/b5823z3/ts-node-317339/tests/allow-js/run.js
2026-02-07 00:33:12,716 - Knowledge - INFO - Fast-tracked /app/data/T0015/317339/b5823z3/ts-node-317339/tests/esm-custom-loader/tsconfig.json (ext=.json, size=115)
2026-02-07 00:33:12,818 - Knowledge - INFO - Fast-tracked /app/data/T0015/317339/b5823z3/ts-node-317339/tests/jsx-react.tsx (ext=.tsx, size=112)
2026-02-07 00:33:12,919 - Knowledge - INFO - Fast-tracked /app/data/T0015/317339/b5823z3/ts-node-317339/tests/ts45-ext/ext-cts/tsconfig.json (ext=.json, size=109)
2026-02-07 00:33:13,028 - Knowledge - INFO - Worker kw7 processing /app/data/T0015/317339/b5823z3/ts-node-317339/tests/esm-import-cache/tsconfig.json
2026-02-07 00:33:13,499 - Knowledge - INFO - Worker kw10 processing /app/data/T0015/317339/b5823z3/ts-node-317339/tests/1996/transpiler.js
2026-02-07 00:33:13,670 - Knowledge - INFO - Worker kw11 processing /app/data/T0015/317339/b5823z3/ts-node-317339/tests/tsconfig-extends-multiple/c/tsconfig.json
2026-02-07 00:33:13,766 - Knowledge - INFO - Worker kw12 processing /app/data/T0015/317339/b5823z3/ts-node-317339/tests/tsconfig-extends/other/tsconfig.json
2026-02-07 00:33:14,045 - Knowledge - INFO - process ingested knowledge for /app/data/T0015/317339/b5823z3/ts-node-317339/tests/scope/a/index.ts
2026-02-07 00:33:14,130 - Knowledge - INFO - Worker kw20 processing /app/data/T0015/317339/b5823z3/ts-node-317339/tests/esm/bar.ts
2026-02-07 00:33:14,177 - Knowledge - INFO - process ingested knowledge for /app/data/T0015/317339/b5823z3/ts-node-317339/tests/pluggable-dep-resolution/tsconfig-extend-swc-custom-backend.json
2026-02-07 00:33:14,240 - Knowledge - INFO - process ingested knowledge for /app/data/T0015/317339/b5823z3/ts-node-317339/tests/scope/c/scopedir/index.ts
2026-02-07 00:33:14,333 - Knowledge - INFO - process ingested knowledge for /app/data/T0015/317339/b5823z3/ts-node-317339/tests/esm-import-http-url/index.mjs
2026-02-07 00:33:14,420 - Knowledge - INFO - Fast-tracked /app/data/T0015/317339/b5823z3/ts-node-317339/tests/transpile-only-swc-native-esm/package.json (ext=.json, size=23)
2026-02-07 00:33:14,440 - Knowledge - INFO - process ingested knowledge for /app/data/T0015/317339/b5823z3/ts-node-317339/tests/pluggable-dep-resolution/tsconfig-swc.json
2026-02-07 00:33:14,506 - Knowledge - INFO - Fast-tracked /app/data/T0015/317339/b5823z3/ts-node-317339/tests/allow-js/run.js (ext=.js, size=51)
2026-02-07 00:33:14,591 - Knowledge - INFO - Worker kw14 processing /app/data/T0015/317339/b5823z3/ts-node-317339/tests/esm-custom-loader/index.ts
2026-02-07 00:33:14,677 - Knowledge - INFO - Async storage completed for 6 embeddings
2026-02-07 00:33:14,795 - Knowledge - INFO - Worker kw8 processing /app/data/T0015/317339/b5823z3/ts-node-317339/tests/ts45-ext/ext-mts/entrypoint.mjs
2026-02-07 00:33:14,816 - Knowledge - INFO - [WEBSOCKET] Sent: Type=progress_update, Size: 293, Duration: 0ms
2026-02-07 00:33:14,891 - Knowledge - INFO - Fast-tracked /app/data/T0015/317339/b5823z3/ts-node-317339/tests/esm-import-cache/tsconfig.json (ext=.json, size=107)
2026-02-07 00:33:14,991 - Knowledge - INFO - Fast-tracked /app/data/T0015/317339/b5823z3/ts-node-317339/tests/1996/transpiler.js (ext=.js, size=351)
2026-02-07 00:33:15,061 - Knowledge - INFO - Fast-tracked /app/data/T0015/317339/b5823z3/ts-node-317339/tests/tsconfig-extends-multiple/c/tsconfig.json (ext=.json, size=174)
2026-02-07 00:33:15,126 - Knowledge - INFO - Fast-tracked /app/data/T0015/317339/b5823z3/ts-node-317339/tests/tsconfig-extends/other/tsconfig.json (ext=.json, size=87)
2026-02-07 00:33:15,287 - Knowledge - INFO - process ingested knowledge for /app/data/T0015/317339/b5823z3/ts-node-317339/tests/scope/a/log.ts
2026-02-07 00:33:15,317 - Knowledge - INFO - Fast-tracked /app/data/T0015/317339/b5823z3/ts-node-317339/tests/esm/bar.ts (ext=.ts, size=121)
2026-02-07 00:33:15,390 - Knowledge - INFO - process ingested knowledge for /app/data/T0015/317339/b5823z3/ts-node-317339/tests/pluggable-dep-resolution/tsconfig-extend-swc-wasm.json
2026-02-07 00:33:15,491 - Knowledge - INFO - process ingested knowledge for /app/data/T0015/317339/b5823z3/ts-node-317339/tests/scope/c/index.js
2026-02-07 00:33:15,557 - Knowledge - INFO - process ingested knowledge for /app/data/T0015/317339/b5823z3/ts-node-317339/tests/legacy-source-map-support-interop/index.ts
2026-02-07 00:33:15,644 - Knowledge - INFO - Worker kw9 processing /app/data/T0015/317339/b5823z3/ts-node-317339/tests/transpile-only-swc-native-esm/tsconfig.json
2026-02-07 00:33:15,718 - Knowledge - INFO - process ingested knowledge for /app/data/T0015/317339/b5823z3/ts-node-317339/tests/scope/b/tsconfig.json
2026-02-07 00:33:15,809 - Knowledge - INFO - Worker kw6 processing /app/data/T0015/317339/b5823z3/ts-node-317339/tests/allow-js/with-jsx.jsx
2026-02-07 00:33:15,882 - Knowledge - INFO - Fast-tracked /app/data/T0015/317339/b5823z3/ts-node-317339/tests/esm-custom-loader/index.ts (ext=.ts, size=66)
2026-02-07 00:33:16,063 - Knowledge - INFO - Fast-tracked /app/data/T0015/317339/b5823z3/ts-node-317339/tests/ts45-ext/ext-mts/entrypoint.mjs (ext=.mjs, size=57)
2026-02-07 00:33:16,133 - Knowledge - INFO - [kw13] Queue=122, InProgress=0, PendingWorkers=20/20, Completed=225/395 (57.0%)
2026-02-07 00:33:16,134 - Knowledge - INFO - [kw17] Queue=122, InProgress=0, PendingWorkers=20/20, Completed=225/395 (57.0%)
2026-02-07 00:33:16,134 - Knowledge - INFO - [WEBSOCKET] Sent: Type=unknown, Size: ?, Duration: 1317ms
2026-02-07 00:33:16,194 - Knowledge - INFO - Worker kw7 processing /app/data/T0015/317339/b5823z3/ts-node-317339/tests/esm-import-cache/index.ts
2026-02-07 00:33:16,264 - Knowledge - INFO - Worker kw10 processing /app/data/T0015/317339/b5823z3/ts-node-317339/tests/1996/tsconfig.custom-transpiler.json
2026-02-07 00:33:16,347 - Knowledge - INFO - Async storage completed for 6 embeddings
2026-02-07 00:33:16,462 - Knowledge - INFO - Worker kw12 processing /app/data/T0015/317339/b5823z3/ts-node-317339/tests/tsconfig-extends/tsconfig.json
2026-02-07 00:33:16,537 - Knowledge - INFO - process ingested knowledge for /app/data/T0015/317339/b5823z3/ts-node-317339/tests/scope/c/config/scopedir/index.ts
2026-02-07 00:33:16,664 - Knowledge - INFO - Worker kw20 processing /app/data/T0015/317339/b5823z3/ts-node-317339/tests/esm/biff.jsx
2026-02-07 00:33:16,770 - Knowledge - INFO - process ingested knowledge for /app/data/T0015/317339/b5823z3/ts-node-317339/tests/pluggable-dep-resolution/tsconfig-custom-compiler.json
2026-02-07 00:33:16,850 - Knowledge - INFO - process ingested knowledge for /app/data/T0015/317339/b5823z3/ts-node-317339/tests/issue-884/index-2.ts
2026-02-07 00:33:16,927 - Knowledge - INFO - process ingested knowledge for /app/data/T0015/317339/b5823z3/ts-node-317339/tests/signals.ts
2026-02-07 00:33:17,030 - Knowledge - INFO - Fast-tracked /app/data/T0015/317339/b5823z3/ts-node-317339/tests/transpile-only-swc-native-esm/tsconfig.json (ext=.json, size=259)
2026-02-07 00:33:17,118 - Knowledge - INFO - process ingested knowledge for /app/data/T0015/317339/b5823z3/ts-node-317339/tests/scope/b/index.ts
2026-02-07 00:33:17,192 - Knowledge - INFO - Fast-tracked /app/data/T0015/317339/b5823z3/ts-node-317339/tests/allow-js/with-jsx.jsx (ext=.jsx, size=109)
2026-02-07 00:33:17,313 - Knowledge - INFO - Worker kw14 processing /app/data/T0015/317339/b5823z3/ts-node-317339/tests/esm-custom-loader/loader.mjs
2026-02-07 00:33:17,393 - Knowledge - INFO - Worker kw8 processing /app/data/T0015/317339/b5823z3/ts-node-317339/tests/ts45-ext/ext-mts/tsconfig.json
2026-02-07 00:33:17,504 - Knowledge - INFO - Batch sizing: calculated=5, max_allowed=10, queue=122, active_workers=20/20
2026-02-07 00:33:17,573 - Knowledge - INFO - Batch sizing: calculated=5, max_allowed=10, queue=122, active_workers=20/20
2026-02-07 00:33:17,688 - Knowledge - INFO - Progress: 56.5% | Files: 225/395 | Rate: 2.05 files/sec | Queue: 122
2026-02-07 00:33:17,688 - Knowledge - INFO - [kw16] Queue=122, InProgress=0, PendingWorkers=20/20, Completed=225/395 (57.0%)
2026-02-07 00:33:17,688 - Knowledge - INFO - [kw15] Queue=122, InProgress=0, PendingWorkers=20/20, Completed=225/395 (57.0%)
2026-02-07 00:33:17,713 - Knowledge - INFO - Processing batch of 5 files
2026-02-07 00:33:17,769 - Knowledge - INFO - Fast-tracked /app/data/T0015/317339/b5823z3/ts-node-317339/tests/esm-import-cache/index.ts (ext=.ts, size=85)
2026-02-07 00:33:17,856 - Knowledge - INFO - Fast-tracked /app/data/T0015/317339/b5823z3/ts-node-317339/tests/1996/tsconfig.custom-transpiler.json (ext=.json, size=86)
2026-02-07 00:33:17,931 - Knowledge - INFO - Processing batch of 5 files
2026-02-07 00:33:18,028 - Knowledge - INFO - Fast-tracked /app/data/T0015/317339/b5823z3/ts-node-317339/tests/tsconfig-extends/tsconfig.json (ext=.json, size=86)
2026-02-07 00:33:18,102 - Knowledge - INFO - process ingested knowledge for /app/data/T0015/317339/b5823z3/ts-node-317339/tests/scope/c/config/tsconfig.json
2026-02-07 00:33:18,173 - Knowledge - INFO - Fast-tracked /app/data/T0015/317339/b5823z3/ts-node-317339/tests/esm/biff.jsx (ext=.jsx, size=182)
2026-02-07 00:33:18,284 - Knowledge - INFO - process ingested knowledge for /app/data/T0015/317339/b5823z3/ts-node-317339/tests/pluggable-dep-resolution/tsconfig-swc-core.json
2026-02-07 00:33:18,366 - Knowledge - INFO - process ingested knowledge for /app/data/T0015/317339/b5823z3/ts-node-317339/tests/issue-884/tsconfig.json
2026-02-07 00:33:18,435 - Knowledge - INFO - process ingested knowledge for /app/data/T0015/317339/b5823z3/ts-node-317339/tests/tsconfig-options/log-options2.js
2026-02-07 00:33:18,525 - Knowledge - INFO - Worker kw9 processing /app/data/T0015/317339/b5823z3/ts-node-317339/tests/transpile-only-swc-native-esm/index.ts
2026-02-07 00:33:18,634 - Knowledge - INFO - process ingested knowledge for /app/data/T0015/317339/b5823z3/ts-node-317339/tests/scope/a/tsconfig.json
2026-02-07 00:33:18,709 - Knowledge - INFO - Worker kw6 processing /app/data/T0015/317339/b5823z3/ts-node-317339/tests/1996/empty.ts
2026-02-07 00:33:18,792 - Knowledge - INFO - Fast-tracked /app/data/T0015/317339/b5823z3/ts-node-317339/tests/esm-custom-loader/loader.mjs (ext=.mjs, size=420)
2026-02-07 00:33:18,878 - Knowledge - INFO - Fast-tracked /app/data/T0015/317339/b5823z3/ts-node-317339/tests/ts45-ext/ext-mts/tsconfig.json (ext=.json, size=124)
2026-02-07 00:33:18,961 - Knowledge - INFO - Async storing batch of 6 embeddings
2026-02-07 00:33:19,036 - Knowledge - INFO - Async storing batch of 6 embeddings
2026-02-07 00:33:19,113 - Knowledge - INFO - [kw19] Queue=112, InProgress=0, PendingWorkers=20/20, Completed=233/395 (59.0%)
2026-02-07 00:33:19,185 - Knowledge - INFO - Batch sizing: calculated=5, max_allowed=10, queue=122, active_workers=20/20
2026-02-07 00:33:19,266 - Knowledge - INFO - Batch sizing: calculated=5, max_allowed=10, queue=122, active_workers=20/20
2026-02-07 00:33:19,332 - Knowledge - INFO - process ingested knowledge for /app/data/T0015/317339/b5823z3/ts-node-317339/tests/tsconfig-options/tsconfig.json
2026-02-07 00:33:19,407 - Knowledge - INFO - Async storage completed for 6 embeddings
2026-02-07 00:33:19,507 - Knowledge - INFO - Worker kw10 processing /app/data/T0015/317339/b5823z3/ts-node-317339/tests/throw error react tsx.tsx
2026-02-07 00:33:19,624 - Knowledge - INFO - process ingested knowledge for /app/data/T0015/317339/b5823z3/ts-node-317339/tests/tsconfig-extends-multiple/d/tsconfig.json
2026-02-07 00:33:19,726 - Knowledge - INFO - Worker kw12 processing /app/data/T0015/317339/b5823z3/ts-node-317339/tests/tsconfig.json
2026-02-07 00:33:19,820 - Knowledge - INFO - process ingested knowledge for /app/data/T0015/317339/b5823z3/ts-node-317339/tests/scope/c/config/index.ts
2026-02-07 00:33:19,897 - Knowledge - INFO - Worker kw20 processing /app/data/T0015/317339/b5823z3/ts-node-317339/tests/esm/foo.ts
2026-02-07 00:33:20,130 - Knowledge - INFO - process ingested knowledge for /app/data/T0015/317339/b5823z3/ts-node-317339/tests/issue-884/index.ts
2026-02-07 00:33:20,240 - Knowledge - INFO - process ingested knowledge for /app/data/T0015/317339/b5823z3/ts-node-317339/tests/tsconfig-options/required2.js
2026-02-07 00:33:20,345 - Knowledge - INFO - Fast-tracked /app/data/T0015/317339/b5823z3/ts-node-317339/tests/transpile-only-swc-native-esm/index.ts (ext=.ts, size=75)
2026-02-07 00:33:20,505 - Knowledge - INFO - Fast-tracked /app/data/T0015/317339/b5823z3/ts-node-317339/tests/1996/empty.ts (ext=.ts, size=11)
2026-02-07 00:33:20,570 - Knowledge - INFO - Worker kw14 processing /app/data/T0015/317339/b5823z3/ts-node-317339/tests/emit-skipped-fallback/tsconfig.json
2026-02-07 00:33:20,684 - Knowledge - INFO - Worker kw8 processing /app/data/T0015/317339/b5823z3/ts-node-317339/tests/hello-world.ts
2026-02-07 00:33:20,704 - Knowledge - INFO - [WEBSOCKET] Sent: Type=progress_update, Size: 293, Duration: 0ms
2026-02-07 00:33:20,747 - Knowledge - INFO - Worker kw13 processing /app/data/T0015/317339/b5823z3/ts-node-317339/tests/esm/throw error.ts
2026-02-07 00:33:20,839 - Knowledge - INFO - Worker kw17 processing /app/data/T0015/317339/b5823z3/ts-node-317339/tests/esm-import-assertions/tsconfig.json
2026-02-07 00:33:20,933 - Knowledge - INFO - Batch sizing: calculated=5, max_allowed=10, queue=112, active_workers=20/20
2026-02-07 00:33:21,147 - Knowledge - INFO - process ingested knowledge for /app/data/T0015/317339/b5823z3/ts-node-317339/tests/tsconfig-options/required1.js
2026-02-07 00:33:21,299 - Knowledge - INFO - Fast-tracked /app/data/T0015/317339/b5823z3/ts-node-317339/tests/throw error react tsx.tsx (ext=.tsx, size=585)
2026-02-07 00:33:21,405 - Knowledge - INFO - process ingested knowledge for /app/data/T0015/317339/b5823z3/ts-node-317339/tests/tsconfig-extends-multiple/b/tsconfig.json
2026-02-07 00:33:21,498 - Knowledge - INFO - Fast-tracked /app/data/T0015/317339/b5823z3/ts-node-317339/tests/tsconfig.json (ext=.json, size=204)
2026-02-07 00:33:21,715 - Knowledge - INFO - Fast-tracked /app/data/T0015/317339/b5823z3/ts-node-317339/tests/esm/foo.ts (ext=.ts, size=121)
2026-02-07 00:33:21,955 - Knowledge - INFO - Worker kw9 processing /app/data/T0015/317339/b5823z3/ts-node-317339/tests/esm-custom-loader/package.json
2026-02-07 00:33:22,026 - Knowledge - INFO - Worker kw6 processing /app/data/T0015/317339/b5823z3/ts-node-317339/tests/1996/tsconfig.json
2026-02-07 00:33:22,151 - Knowledge - INFO - Fast-tracked /app/data/T0015/317339/b5823z3/ts-node-317339/tests/emit-skipped-fallback/tsconfig.json (ext=.json, size=113)
2026-02-07 00:33:22,276 - Knowledge - INFO - Fast-tracked /app/data/T0015/317339/b5823z3/ts-node-317339/tests/hello-world.ts (ext=.ts, size=30)
2026-02-07 00:33:22,358 - Knowledge - INFO - Async storing batch of 6 embeddings
2026-02-07 00:33:22,361 - Knowledge - INFO - Async storing batch of 6 embeddings
2026-02-07 00:33:22,361 - Knowledge - INFO - [WEBSOCKET] Sent: Type=unknown, Size: ?, Duration: 1657ms
2026-02-07 00:33:22,466 - Knowledge - INFO - Fast-tracked /app/data/T0015/317339/b5823z3/ts-node-317339/tests/esm/throw error.ts (ext=.ts, size=489)
2026-02-07 00:33:22,563 - Knowledge - INFO - Fast-tracked /app/data/T0015/317339/b5823z3/ts-node-317339/tests/esm-import-assertions/tsconfig.json (ext=.json, size=250)
2026-02-07 00:33:22,768 - Knowledge - INFO - process ingested knowledge for /app/data/T0015/317339/b5823z3/ts-node-317339/tests/tsconfig-options/log-options1.js
2026-02-07 00:33:22,804 - Knowledge - INFO - Worker kw10 processing /app/data/T0015/317339/b5823z3/ts-node-317339/tests/1488/tsconfig.json
2026-02-07 00:33:22,947 - Knowledge - INFO - process ingested knowledge for /app/data/T0015/317339/b5823z3/ts-node-317339/tests/tsconfig-extends-multiple/a/tsconfig.json
2026-02-07 00:33:22,992 - Knowledge - INFO - Worker kw12 processing /app/data/T0015/317339/b5823z3/ts-node-317339/tests/esm/baz.js
2026-02-07 00:33:23,067 - Knowledge - INFO - Worker kw20 processing /app/data/T0015/317339/b5823z3/ts-node-317339/tests/esm/tsconfig.json
2026-02-07 00:33:23,166 - Knowledge - INFO - Fast-tracked /app/data/T0015/317339/b5823z3/ts-node-317339/tests/esm-custom-loader/package.json (ext=.json, size=23)
2026-02-07 00:33:23,258 - Knowledge - INFO - Fast-tracked /app/data/T0015/317339/b5823z3/ts-node-317339/tests/1996/tsconfig.json (ext=.json, size=39)
2026-02-07 00:33:23,358 - Knowledge - INFO - Worker kw14 processing /app/data/T0015/317339/b5823z3/ts-node-317339/tests/emit-skipped-fallback/outside-rootDir/foo.js
2026-02-07 00:33:23,475 - Knowledge - INFO - Async storage completed for 6 embeddings
2026-02-07 00:33:23,778 - Knowledge - INFO - Worker kw16 processing /app/data/T0015/317339/b5823z3/ts-node-317339/tests/working-dir/esm/package.json
2026-02-07 00:33:23,877 - Knowledge - INFO - Worker kw15 processing /app/data/T0015/317339/b5823z3/ts-node-317339/tests/issue-986/index.ts
2026-02-07 00:33:23,979 - Knowledge - INFO - Progress: 59.0% | Files: 234/395 | Rate: 2.02 files/sec | Queue: 97
2026-02-07 00:33:23,981 - Knowledge - INFO - [kw5] Queue=97, InProgress=0, PendingWorkers=20/20, Completed=234/395 (59.2%)
2026-02-07 00:33:23,981 - Knowledge - INFO - Async storing batch of 6 embeddings
2026-02-07 00:33:23,981 - Knowledge - INFO - [kw4] Queue=97, InProgress=0, PendingWorkers=20/20, Completed=236/395 (59.7%)
2026-02-07 00:33:23,981 - Knowledge - INFO - [kw2] Queue=97, InProgress=0, PendingWorkers=20/20, Completed=236/395 (59.7%)
2026-02-07 00:33:23,982 - Knowledge - INFO - [kw18] Queue=97, InProgress=0, PendingWorkers=20/20, Completed=236/395 (59.7%)
2026-02-07 00:33:24,015 - Knowledge - INFO - Processing batch of 5 files
2026-02-07 00:33:24,052 - Knowledge - INFO - Worker kw13 processing /app/data/T0015/317339/b5823z3/ts-node-317339/tests/child-process.ts
2026-02-07 00:33:24,169 - Knowledge - INFO - Worker kw17 processing /app/data/T0015/317339/b5823z3/ts-node-317339/tests/working-dir/cjs/index.ts
2026-02-07 00:33:24,282 - Knowledge - INFO - process ingested knowledge for /app/data/T0015/317339/b5823z3/ts-node-317339/tests/env.ts
2026-02-07 00:33:24,380 - Knowledge - INFO - Fast-tracked /app/data/T0015/317339/b5823z3/ts-node-317339/tests/1488/tsconfig.json (ext=.json, size=94)
2026-02-07 00:33:24,464 - Knowledge - INFO - process ingested knowledge for /app/data/T0015/317339/b5823z3/ts-node-317339/tests/tsconfig-extends-multiple/tsconfig.json
2026-02-07 00:33:24,558 - Knowledge - INFO - Fast-tracked /app/data/T0015/317339/b5823z3/ts-node-317339/tests/esm/baz.js (ext=.js, size=113)
2026-02-07 00:33:24,638 - Knowledge - INFO - Fast-tracked /app/data/T0015/317339/b5823z3/ts-node-317339/tests/esm/tsconfig.json (ext=.json, size=127)
2026-02-07 00:33:24,755 - Knowledge - INFO - Async storage completed for 6 embeddings
2026-02-07 00:33:24,840 - Knowledge - INFO - Worker kw6 processing /app/data/T0015/317339/b5823z3/ts-node-317339/tests/1996/index.ts
2026-02-07 00:33:24,911 - Knowledge - INFO - Fast-tracked /app/data/T0015/317339/b5823z3/ts-node-317339/tests/emit-skipped-fallback/outside-rootDir/foo.js (ext=.js, size=424)
2026-02-07 00:33:25,027 - Knowledge - INFO - Processing batch of 5 files
2026-02-07 00:33:25,091 - Knowledge - INFO - Fast-tracked /app/data/T0015/317339/b5823z3/ts-node-317339/tests/working-dir/esm/package.json (ext=.json, size=23)
2026-02-07 00:33:25,178 - Knowledge - INFO - Fast-tracked /app/data/T0015/317339/b5823z3/ts-node-317339/tests/issue-986/index.ts (ext=.ts, size=19)
2026-02-07 00:33:25,280 - Knowledge - INFO - [kw3] Queue=97, InProgress=0, PendingWorkers=20/20, Completed=243/395 (61.5%)
2026-02-07 00:33:25,380 - Knowledge - INFO - Batch sizing: calculated=4, max_allowed=10, queue=97, active_workers=20/20
2026-02-07 00:33:25,448 - Knowledge - INFO - Worker kw19 processing /app/data/T0015/317339/b5823z3/ts-node-317339/tests/main-realpath/symlink/tsconfig.json
2026-02-07 00:33:25,512 - Knowledge - INFO - Batch sizing: calculated=4, max_allowed=10, queue=97, active_workers=20/20
2026-02-07 00:33:25,586 - Knowledge - INFO - Batch sizing: calculated=4, max_allowed=10, queue=97, active_workers=20/20
2026-02-07 00:33:25,696 - Knowledge - INFO - Batch sizing: calculated=4, max_allowed=10, queue=97, active_workers=20/20
2026-02-07 00:33:25,786 - Knowledge - INFO - process ingested knowledge for /app/data/T0015/317339/b5823z3/ts-node-317339/tests/esm-import-cache/log1.ts
2026-02-07 00:33:25,888 - Knowledge - INFO - Fast-tracked /app/data/T0015/317339/b5823z3/ts-node-317339/tests/child-process.ts (ext=.ts, size=109)
2026-02-07 00:33:25,970 - Knowledge - INFO - Fast-tracked /app/data/T0015/317339/b5823z3/ts-node-317339/tests/working-dir/cjs/index.ts (ext=.ts, size=237)
2026-02-07 00:33:26,050 - Knowledge - INFO - process ingested knowledge for /app/data/T0015/317339/b5823z3/ts-node-317339/tests/jsx-react.tsx
2026-02-07 00:33:26,127 - Knowledge - INFO - Worker kw10 processing /app/data/T0015/317339/b5823z3/ts-node-317339/tests/1488/index.js
2026-02-07 00:33:26,210 - Knowledge - INFO - process ingested knowledge for /app/data/T0015/317339/b5823z3/ts-node-317339/tests/tsconfig-extends-multiple/c/tsconfig.json
2026-02-07 00:33:26,290 - Knowledge - INFO - Worker kw12 processing /app/data/T0015/317339/b5823z3/ts-node-317339/tests/esm/package.json
2026-02-07 00:33:26,403 - Knowledge - INFO - Worker kw20 processing /app/data/T0015/317339/b5823z3/ts-node-317339/tests/esm/index.ts
2026-02-07 00:33:26,515 - Knowledge - INFO - Processing batch of 5 files
2026-02-07 00:33:26,588 - Knowledge - INFO - Fast-tracked /app/data/T0015/317339/b5823z3/ts-node-317339/tests/1996/index.ts (ext=.ts, size=80)
2026-02-07 00:33:26,684 - Knowledge - INFO - Async storage completed for 6 embeddings
2026-02-07 00:33:26,754 - Knowledge - INFO - process ingested knowledge for /app/data/T0015/317339/b5823z3/ts-node-317339/tests/typings/does-not-exist/index.d.ts
2026-02-07 00:33:26,846 - Knowledge - INFO - Worker kw16 processing /app/data/T0015/317339/b5823z3/ts-node-317339/tests/working-dir/esm/tsconfig.json
2026-02-07 00:33:26,951 - Knowledge - INFO - Worker kw15 processing /app/data/T0015/317339/b5823z3/ts-node-317339/tests/from-node-modules/from-node-modules.ts
2026-02-07 00:33:27,039 - Knowledge - INFO - Batch sizing: calculated=4, max_allowed=10, queue=97, active_workers=20/20
2026-02-07 00:33:27,111 - Knowledge - INFO - Async storing batch of 5 embeddings
2026-02-07 00:33:27,238 - Knowledge - INFO - Fast-tracked /app/data/T0015/317339/b5823z3/ts-node-317339/tests/main-realpath/symlink/tsconfig.json (ext=.json, size=95)
2026-02-07 00:33:27,295 - Knowledge - INFO - Async storing batch of 5 embeddings
2026-02-07 00:33:27,365 - Knowledge - INFO - Async storing batch of 5 embeddings
2026-02-07 00:33:27,436 - Knowledge - INFO - Async storing batch of 5 embeddings
2026-02-07 00:33:27,507 - Knowledge - INFO - process ingested knowledge for /app/data/T0015/317339/b5823z3/ts-node-317339/tests/esm-import-cache/package.json
2026-02-07 00:33:27,585 - Knowledge - INFO - Worker kw13 processing /app/data/T0015/317339/b5823z3/ts-node-317339/tests/esm-import-assertions/package.json
2026-02-07 00:33:27,657 - Knowledge - INFO - Worker kw17 processing /app/data/T0015/317339/b5823z3/ts-node-317339/tests/working-dir/forking/subfolder/worker.ts
2026-02-07 00:33:27,793 - Knowledge - INFO - Fast-tracked /app/data/T0015/317339/b5823z3/ts-node-317339/tests/1488/index.js (ext=.js, size=20)
2026-02-07 00:33:27,969 - Knowledge - INFO - Fast-tracked /app/data/T0015/317339/b5823z3/ts-node-317339/tests/esm/package.json (ext=.json, size=23)
2026-02-07 00:33:28,031 - Knowledge - INFO - Fast-tracked /app/data/T0015/317339/b5823z3/ts-node-317339/tests/esm/index.ts (ext=.ts, size=465)
2026-02-07 00:33:28,112 - Knowledge - INFO - process ingested knowledge for /app/data/T0015/317339/b5823z3/ts-node-317339/tests/emit-compiled.ts
2026-02-07 00:33:28,203 - Knowledge - INFO - Async storage completed for 6 embeddings
2026-02-07 00:33:28,428 - Knowledge - INFO - process ingested knowledge for /app/data/T0015/317339/b5823z3/ts-node-317339/tests/ts45-ext/ext-cts/tsconfig.json
2026-02-07 00:33:28,462 - Knowledge - INFO - Fast-tracked /app/data/T0015/317339/b5823z3/ts-node-317339/tests/working-dir/esm/tsconfig.json (ext=.json, size=90)
2026-02-07 00:33:28,529 - Knowledge - INFO - Fast-tracked /app/data/T0015/317339/b5823z3/ts-node-317339/tests/from-node-modules/from-node-modules.ts (ext=.ts, size=518)
2026-02-07 00:33:28,549 - Knowledge - INFO - Processing batch of 5 files
2026-02-07 00:33:28,629 - Knowledge - INFO - [WEBSOCKET] Sent: Type=progress_update, Size: 293, Duration: 0ms
2026-02-07 00:33:28,720 - Knowledge - INFO - Worker kw5 processing /app/data/T0015/317339/b5823z3/ts-node-317339/tests/tsconfig-transpile-only.json
2026-02-07 00:33:28,815 - Knowledge - INFO - Worker kw19 processing /app/data/T0015/317339/b5823z3/ts-node-317339/tests/esm-transpile-only/package.json
2026-02-07 00:33:28,884 - Knowledge - INFO - Worker kw4 processing /app/data/T0015/317339/b5823z3/ts-node-317339/tests/with-jsx.tsx
2026-02-07 00:33:28,951 - Knowledge - INFO - Worker kw2 processing /app/data/T0015/317339/b5823z3/ts-node-317339/tests/esm-loader-context/index.mjs
2026-02-07 00:33:29,016 - Knowledge - INFO - Worker kw18 processing /app/data/T0015/317339/b5823z3/ts-node-317339/tests/esm-err-require-esm/index.js
2026-02-07 00:33:29,094 - Knowledge - INFO - process ingested knowledge for /app/data/T0015/317339/b5823z3/ts-node-317339/tests/esm-import-cache/log2.ts
2026-02-07 00:33:29,212 - Knowledge - INFO - Fast-tracked /app/data/T0015/317339/b5823z3/ts-node-317339/tests/esm-import-assertions/package.json (ext=.json, size=23)
2026-02-07 00:33:29,328 - Knowledge - INFO - Fast-tracked /app/data/T0015/317339/b5823z3/ts-node-317339/tests/working-dir/forking/subfolder/worker.ts (ext=.ts, size=56)
2026-02-07 00:33:29,434 - Knowledge - INFO - Async storage completed for 6 embeddings
2026-02-07 00:33:29,498 - Knowledge - INFO - Async storage completed for 6 embeddings
2026-02-07 00:33:29,601 - Knowledge - INFO - Async storage completed for 6 embeddings
2026-02-07 00:33:29,691 - Knowledge - INFO - process ingested knowledge for /app/data/T0015/317339/b5823z3/ts-node-317339/tests/transpile-only-swc-native-esm/package.json
2026-02-07 00:33:29,872 - Knowledge - INFO - process ingested knowledge for /app/data/T0015/317339/b5823z3/ts-node-317339/tests/ts45-ext/ext-mts/entrypoint.mjs
2026-02-07 00:33:29,977 - Knowledge - INFO - Worker kw16 processing /app/data/T0015/317339/b5823z3/ts-node-317339/tests/working-dir/esm/index.ts
2026-02-07 00:33:30,086 - Knowledge - INFO - Worker kw15 processing /app/data/T0015/317339/b5823z3/ts-node-317339/tests/from-node-modules/tsconfig.json
2026-02-07 00:33:30,166 - Knowledge - INFO - process ingested knowledge for /app/data/T0015/317339/b5823z3/ts-node-317339/tests/esm-custom-loader/tsconfig.json
2026-02-07 00:33:30,238 - Knowledge - INFO - Async storing batch of 5 embeddings
2026-02-07 00:33:30,238 - Knowledge - INFO - [kw11] Queue=77, InProgress=0, PendingWorkers=20/20, Completed=254/395 (64.3%)
2026-02-07 00:33:30,238 - Knowledge - INFO - [WEBSOCKET] Sent: Type=unknown, Size: ?, Duration: 1609ms
2026-02-07 00:33:30,322 - Knowledge - INFO - Fast-tracked /app/data/T0015/317339/b5823z3/ts-node-317339/tests/tsconfig-transpile-only.json (ext=.json, size=250)
2026-02-07 00:33:30,399 - Knowledge - INFO - Fast-tracked /app/data/T0015/317339/b5823z3/ts-node-317339/tests/esm-transpile-only/package.json (ext=.json, size=23)
2026-02-07 00:33:30,504 - Knowledge - INFO - Fast-tracked /app/data/T0015/317339/b5823z3/ts-node-317339/tests/with-jsx.tsx (ext=.tsx, size=56)
2026-02-07 00:33:31,888 - Knowledge - INFO - Batch sizing: calculated=4, max_allowed=10, queue=77, active_workers=20/20
2026-02-07 00:33:30,674 - Knowledge - INFO - Fast-tracked /app/data/T0015/317339/b5823z3/ts-node-317339/tests/esm-err-require-esm/index.js (ext=.js, size=36)
2026-02-07 00:33:30,744 - Knowledge - INFO - process ingested knowledge for /app/data/T0015/317339/b5823z3/ts-node-317339/tests/esm-import-cache/tsconfig.json
2026-02-07 00:33:30,833 - Knowledge - INFO - Worker kw13 processing /app/data/T0015/317339/b5823z3/ts-node-317339/tests/esm-import-assertions/importJson.ts
2026-02-07 00:33:30,938 - Knowledge - INFO - Worker kw17 processing /app/data/T0015/317339/b5823z3/ts-node-317339/tests/working-dir/forking/index.ts
2026-02-07 00:33:31,284 - Knowledge - INFO - process ingested knowledge for /app/data/T0015/317339/b5823z3/ts-node-317339/tests/transpile-only-swc-native-esm/tsconfig.json
2026-02-07 00:33:31,395 - Knowledge - INFO - process ingested knowledge for /app/data/T0015/317339/b5823z3/ts-node-317339/tests/ts45-ext/ext-mts/tsconfig.json
2026-02-07 00:33:31,499 - Knowledge - INFO - Fast-tracked /app/data/T0015/317339/b5823z3/ts-node-317339/tests/working-dir/esm/index.ts (ext=.ts, size=304)
2026-02-07 00:33:31,594 - Knowledge - INFO - Fast-tracked /app/data/T0015/317339/b5823z3/ts-node-317339/tests/from-node-modules/tsconfig.json (ext=.json, size=88)
2026-02-07 00:33:31,705 - Knowledge - INFO - process ingested knowledge for /app/data/T0015/317339/b5823z3/ts-node-317339/tests/esm-custom-loader/index.ts
2026-02-07 00:33:31,795 - Knowledge - INFO - Worker kw3 processing /app/data/T0015/317339/b5823z3/ts-node-317339/tests/maxnodemodulesjsdepth/tsconfig.json
2026-02-07 00:33:30,587 - Knowledge - INFO - Fast-tracked /app/data/T0015/317339/b5823z3/ts-node-317339/tests/esm-loader-context/index.mjs (ext=.mjs, size=325)
2026-02-07 00:33:31,962 - Knowledge - INFO - Progress: 64.1% | Files: 260/395 | Rate: 2.10 files/sec | Queue: 77
2026-02-07 00:33:31,986 - Knowledge - INFO - Processing batch of 5 files
2026-02-07 00:33:32,007 - Knowledge - INFO - Processing batch of 5 files
2026-02-07 00:33:32,009 - Knowledge - INFO - Processing batch of 5 files
2026-02-07 00:33:32,010 - Knowledge - INFO - Processing batch of 5 files
2026-02-07 00:33:32,038 - Knowledge - INFO - Worker kw5 processing /app/data/T0015/317339/b5823z3/ts-node-317339/tests/throw error.ts
2026-02-07 00:33:32,155 - Knowledge - INFO - Worker kw19 processing /app/data/T0015/317339/b5823z3/ts-node-317339/tests/esm-transpile-only/tsconfig.json
2026-02-07 00:33:32,263 - Knowledge - INFO - Worker kw4 processing /app/data/T0015/317339/b5823z3/ts-node-317339/tests/transpile-only-swc/tsconfig.json
2026-02-07 00:33:32,344 - Knowledge - INFO - Async storing batch of 5 embeddings
2026-02-07 00:33:32,427 - Knowledge - INFO - Worker kw18 processing /app/data/T0015/317339/b5823z3/ts-node-317339/tests/recursive-fork/tsconfig.json
2026-02-07 00:33:32,498 - Knowledge - INFO - process ingested knowledge for /app/data/T0015/317339/b5823z3/ts-node-317339/tests/esm-import-cache/index.ts
2026-02-07 00:33:32,572 - Knowledge - INFO - Fast-tracked /app/data/T0015/317339/b5823z3/ts-node-317339/tests/esm-import-assertions/importJson.ts (ext=.ts, size=756)
2026-02-07 00:33:32,686 - Knowledge - INFO - Fast-tracked /app/data/T0015/317339/b5823z3/ts-node-317339/tests/working-dir/forking/index.ts (ext=.ts, size=690)
2026-02-07 00:33:32,787 - Knowledge - INFO - process ingested knowledge for /app/data/T0015/317339/b5823z3/ts-node-317339/tests/transpile-only-swc-native-esm/index.ts
2026-02-07 00:33:32,859 - Knowledge - INFO - process ingested knowledge for /app/data/T0015/317339/b5823z3/ts-node-317339/tests/hello-world.ts
2026-02-07 00:33:32,936 - Knowledge - INFO - Worker kw16 processing /app/data/T0015/317339/b5823z3/ts-node-317339/tests/issue-986/types.ts
2026-02-07 00:33:33,017 - Knowledge - INFO - Worker kw15 processing /app/data/T0015/317339/b5823z3/ts-node-317339/tests/repl-ignored-diagnostics/index.ts
2026-02-07 00:33:33,117 - Knowledge - INFO - process ingested knowledge for /app/data/T0015/317339/b5823z3/ts-node-317339/tests/esm-custom-loader/loader.mjs
2026-02-07 00:33:33,190 - Knowledge - INFO - Fast-tracked /app/data/T0015/317339/b5823z3/ts-node-317339/tests/maxnodemodulesjsdepth/tsconfig.json (ext=.json, size=114)
2026-02-07 00:33:33,293 - Knowledge - INFO - Worker kw2 processing /app/data/T0015/317339/b5823z3/ts-node-317339/tests/esm-loader-context/loader.mjs
2026-02-07 00:33:33,379 - Knowledge - INFO - [kw1] Queue=73, InProgress=0, PendingWorkers=20/20, Completed=273/395 (69.1%)
2026-02-07 00:33:33,449 - Knowledge - INFO - process ingested knowledge for /app/data/T0015/317339/b5823z3/ts-node-317339/tests/tsconfig-extends/other/tsconfig.json
2026-02-07 00:33:33,734 - Knowledge - INFO - process ingested knowledge for /app/data/T0015/317339/b5823z3/ts-node-317339/tests/1996/transpiler.js
2026-02-07 00:33:33,844 - Knowledge - INFO - process ingested knowledge for /app/data/T0015/317339/b5823z3/ts-node-317339/tests/esm/bar.ts
2026-02-07 00:33:33,958 - Knowledge - INFO - process ingested knowledge for /app/data/T0015/317339/b5823z3/ts-node-317339/tests/allow-js/run.js
2026-02-07 00:33:34,041 - Knowledge - INFO - Fast-tracked /app/data/T0015/317339/b5823z3/ts-node-317339/tests/throw error.ts (ext=.ts, size=489)
2026-02-07 00:33:34,117 - Knowledge - INFO - Fast-tracked /app/data/T0015/317339/b5823z3/ts-node-317339/tests/esm-transpile-only/tsconfig.json (ext=.json, size=95)
2026-02-07 00:33:34,217 - Knowledge - INFO - Fast-tracked /app/data/T0015/317339/b5823z3/ts-node-317339/tests/transpile-only-swc/tsconfig.json (ext=.json, size=157)
2026-02-07 00:33:34,285 - Knowledge - INFO - Worker kw11 processing /app/data/T0015/317339/b5823z3/ts-node-317339/tests/1778/tsconfig.json
2026-02-07 00:33:34,355 - Knowledge - INFO - Fast-tracked /app/data/T0015/317339/b5823z3/ts-node-317339/tests/recursive-fork/tsconfig.json (ext=.json, size=62)
2026-02-07 00:33:34,527 - Knowledge - INFO - Worker kw13 processing /app/data/T0015/317339/b5823z3/ts-node-317339/tests/esm-import-assertions/car.json
2026-02-07 00:33:34,605 - Knowledge - INFO - Worker kw17 processing /app/data/T0015/317339/b5823z3/ts-node-317339/tests/working-dir/tsconfig.json
2026-02-07 00:33:34,683 - Knowledge - INFO - process ingested knowledge for /app/data/T0015/317339/b5823z3/ts-node-317339/tests/esm-custom-loader/package.json
2026-02-07 00:33:34,843 - Knowledge - INFO - Fast-tracked /app/data/T0015/317339/b5823z3/ts-node-317339/tests/issue-986/types.ts (ext=.ts, size=28)
2026-02-07 00:33:34,921 - Knowledge - INFO - Fast-tracked /app/data/T0015/317339/b5823z3/ts-node-317339/tests/repl-ignored-diagnostics/index.ts (ext=.ts, size=245)
2026-02-07 00:33:35,083 - Knowledge - INFO - Worker kw3 processing /app/data/T0015/317339/b5823z3/ts-node-317339/tests/maxnodemodulesjsdepth/index.ts
2026-02-07 00:33:35,136 - Knowledge - INFO - process ingested knowledge for /app/data/T0015/317339/b5823z3/ts-node-317339/tests/emit-skipped-fallback/tsconfig.json
2026-02-07 00:33:35,160 - Knowledge - INFO - Fast-tracked /app/data/T0015/317339/b5823z3/ts-node-317339/tests/esm-loader-context/loader.mjs (ext=.mjs, size=348)
2026-02-07 00:33:35,224 - Knowledge - INFO - [WEBSOCKET] Sent: Type=progress_update, Size: 293, Duration: 0ms
2026-02-07 00:33:35,264 - Knowledge - INFO - Batch sizing: calculated=4, max_allowed=10, queue=73, active_workers=20/20
2026-02-07 00:33:35,347 - Knowledge - INFO - process ingested knowledge for /app/data/T0015/317339/b5823z3/ts-node-317339/tests/tsconfig-extends/tsconfig.json
2026-02-07 00:33:35,445 - Knowledge - INFO - process ingested knowledge for /app/data/T0015/317339/b5823z3/ts-node-317339/tests/1996/tsconfig.custom-transpiler.json
2026-02-07 00:33:35,517 - Knowledge - INFO - process ingested knowledge for /app/data/T0015/317339/b5823z3/ts-node-317339/tests/esm/biff.jsx
2026-02-07 00:33:35,609 - Knowledge - INFO - process ingested knowledge for /app/data/T0015/317339/b5823z3/ts-node-317339/tests/allow-js/with-jsx.jsx
2026-02-07 00:33:35,702 - Knowledge - INFO - Worker kw5 processing /app/data/T0015/317339/b5823z3/ts-node-317339/tests/repl/script.js
2026-02-07 00:33:35,815 - Knowledge - INFO - Worker kw19 processing /app/data/T0015/317339/b5823z3/ts-node-317339/tests/esm-transpile-only/index.ts
2026-02-07 00:33:35,900 - Knowledge - INFO - Worker kw4 processing /app/data/T0015/317339/b5823z3/ts-node-317339/tests/transpile-only-swc/index.ts
2026-02-07 00:33:35,975 - Knowledge - INFO - Fast-tracked /app/data/T0015/317339/b5823z3/ts-node-317339/tests/1778/tsconfig.json (ext=.json, size=112)
2026-02-07 00:33:36,052 - Knowledge - INFO - Worker kw18 processing /app/data/T0015/317339/b5823z3/ts-node-317339/tests/recursive-fork/index.ts
2026-02-07 00:33:36,130 - Knowledge - INFO - Fast-tracked /app/data/T0015/317339/b5823z3/ts-node-317339/tests/esm-import-assertions/car.json (ext=.json, size=58)
2026-02-07 00:33:36,218 - Knowledge - INFO - Fast-tracked /app/data/T0015/317339/b5823z3/ts-node-317339/tests/working-dir/tsconfig.json (ext=.json, size=82)
2026-02-07 00:33:36,371 - Knowledge - INFO - Worker kw16 processing /app/data/T0015/317339/b5823z3/ts-node-317339/tests/issue-986/tsconfig.json
2026-02-07 00:33:36,491 - Knowledge - INFO - Worker kw15 processing /app/data/T0015/317339/b5823z3/ts-node-317339/tests/main-realpath/symlink/symlink.tsx
2026-02-07 00:33:36,589 - Knowledge - INFO - Fast-tracked /app/data/T0015/317339/b5823z3/ts-node-317339/tests/maxnodemodulesjsdepth/index.ts (ext=.ts, size=55)
2026-02-07 00:33:36,710 - Knowledge - INFO - process ingested knowledge for /app/data/T0015/317339/b5823z3/ts-node-317339/tests/emit-skipped-fallback/outside-rootDir/foo.js
2026-02-07 00:33:36,774 - Knowledge - INFO - Worker kw2 processing /app/data/T0015/317339/b5823z3/ts-node-317339/tests/esm-err-require-esm/esm-package/package.json
2026-02-07 00:33:36,846 - Knowledge - INFO - [kw8] Queue=73, InProgress=0, PendingWorkers=20/20, Completed=273/395 (69.1%)
2026-02-07 00:33:36,846 - Knowledge - INFO - [WEBSOCKET] Sent: Type=unknown, Size: ?, Duration: 1623ms
2026-02-07 00:33:37,009 - Knowledge - INFO - process ingested knowledge for /app/data/T0015/317339/b5823z3/ts-node-317339/tests/tsconfig.json
2026-02-07 00:33:37,109 - Knowledge - INFO - process ingested knowledge for /app/data/T0015/317339/b5823z3/ts-node-317339/tests/throw error react tsx.tsx
2026-02-07 00:33:37,211 - Knowledge - INFO - process ingested knowledge for /app/data/T0015/317339/b5823z3/ts-node-317339/tests/esm/foo.ts
2026-02-07 00:33:37,276 - Knowledge - INFO - process ingested knowledge for /app/data/T0015/317339/b5823z3/ts-node-317339/tests/1996/empty.ts
2026-02-07 00:33:37,391 - Knowledge - INFO - Fast-tracked /app/data/T0015/317339/b5823z3/ts-node-317339/tests/repl/script.js (ext=.js, size=238)
2026-02-07 00:33:37,472 - Knowledge - INFO - Fast-tracked /app/data/T0015/317339/b5823z3/ts-node-317339/tests/esm-transpile-only/index.ts (ext=.ts, size=221)
2026-02-07 00:33:37,562 - Knowledge - INFO - Fast-tracked /app/data/T0015/317339/b5823z3/ts-node-317339/tests/transpile-only-swc/index.ts (ext=.ts, size=375)
2026-02-07 00:33:37,665 - Knowledge - INFO - Worker kw11 processing /app/data/T0015/317339/b5823z3/ts-node-317339/tests/1778/index.ts
2026-02-07 00:33:37,736 - Knowledge - INFO - Fast-tracked /app/data/T0015/317339/b5823z3/ts-node-317339/tests/recursive-fork/index.ts (ext=.ts, size=500)
2026-02-07 00:33:37,812 - Knowledge - INFO - Async storage completed for 6 embeddings
2026-02-07 00:33:37,888 - Knowledge - INFO - Async storage completed for 6 embeddings
2026-02-07 00:33:37,961 - Knowledge - INFO - Fast-tracked /app/data/T0015/317339/b5823z3/ts-node-317339/tests/issue-986/tsconfig.json (ext=.json, size=56)
2026-02-07 00:33:38,078 - Knowledge - INFO - Fast-tracked /app/data/T0015/317339/b5823z3/ts-node-317339/tests/main-realpath/symlink/symlink.tsx (ext=.tsx, size=117)
2026-02-07 00:33:38,156 - Knowledge - INFO - Worker kw3 processing /app/data/T0015/317339/b5823z3/ts-node-317339/tests/maxnodemodulesjsdepth/other.ts
2026-02-07 00:33:38,300 - Knowledge - INFO - Fast-tracked /app/data/T0015/317339/b5823z3/ts-node-317339/tests/esm-err-require-esm/esm-package/package.json (ext=.json, size=23)
2026-02-07 00:33:38,375 - Knowledge - INFO - Batch sizing: calculated=4, max_allowed=10, queue=73, active_workers=20/20
2026-02-07 00:33:38,445 - Knowledge - INFO - Progress: 69.1% | Files: 273/395 | Rate: 2.09 files/sec | Queue: 69
2026-02-07 00:33:38,445 - Knowledge - INFO - Async storing batch of 5 embeddings
2026-02-07 00:33:38,491 - Knowledge - INFO - [kw9] Queue=69, InProgress=0, PendingWorkers=20/20, Completed=273/395 (69.1%)
2026-02-07 00:33:38,583 - Knowledge - INFO - process ingested knowledge for /app/data/T0015/317339/b5823z3/ts-node-317339/tests/esm/baz.js
2026-02-07 00:33:38,686 - Knowledge - INFO - process ingested knowledge for /app/data/T0015/317339/b5823z3/ts-node-317339/tests/1488/tsconfig.json
2026-02-07 00:33:38,721 - Knowledge - INFO - [kw14] Queue=69, InProgress=0, PendingWorkers=20/20, Completed=273/395 (69.1%)
2026-02-07 00:33:38,742 - Knowledge - INFO - process ingested knowledge for /app/data/T0015/317339/b5823z3/ts-node-317339/tests/esm/tsconfig.json
2026-02-07 00:33:38,838 - Knowledge - INFO - process ingested knowledge for /app/data/T0015/317339/b5823z3/ts-node-317339/tests/1996/tsconfig.json
2026-02-07 00:33:38,956 - Knowledge - INFO - Worker kw5 processing /app/data/T0015/317339/b5823z3/ts-node-317339/tests/repl/tla-import.ts
2026-02-07 00:33:39,021 - Knowledge - INFO - Worker kw19 processing /app/data/T0015/317339/b5823z3/ts-node-317339/tests/require-cache.ts
2026-02-07 00:33:39,107 - Knowledge - INFO - Worker kw4 processing /app/data/T0015/317339/b5823z3/ts-node-317339/tests/module.ts
2026-02-07 00:33:39,214 - Knowledge - INFO - Fast-tracked /app/data/T0015/317339/b5823z3/ts-node-317339/tests/1778/index.ts (ext=.ts, size=235)
2026-02-07 00:33:39,303 - Knowledge - INFO - Worker kw18 processing /app/data/T0015/317339/b5823z3/ts-node-317339/tests/compiler-error.ts
2026-02-07 00:33:39,431 - Knowledge - INFO - Processing batch of 5 files
2026-02-07 00:33:39,532 - Knowledge - INFO - Processing batch of 5 files
2026-02-07 00:33:39,567 - Knowledge - INFO - Async storage completed for 6 embeddings
2026-02-07 00:33:39,681 - Knowledge - INFO - Async storage completed for 6 embeddings
2026-02-07 00:33:39,764 - Knowledge - INFO - Fast-tracked /app/data/T0015/317339/b5823z3/ts-node-317339/tests/maxnodemodulesjsdepth/other.ts (ext=.ts, size=228)
2026-02-07 00:33:39,869 - Knowledge - INFO - Worker kw2 processing /app/data/T0015/317339/b5823z3/ts-node-317339/tests/esm-err-require-esm/esm-package/loaded-as.ts
2026-02-07 00:33:39,938 - Knowledge - INFO - Async storing batch of 5 embeddings
2026-02-07 00:33:40,017 - Knowledge - INFO - [kw7] Queue=65, InProgress=0, PendingWorkers=20/20, Completed=283/395 (71.6%)
2026-02-07 00:33:40,126 - Knowledge - INFO - Worker kw1 processing /app/data/T0015/317339/b5823z3/ts-node-317339/tests/esm-node-resolver/biff.jsx
2026-02-07 00:33:40,232 - Knowledge - INFO - Batch sizing: calculated=4, max_allowed=10, queue=69, active_workers=20/20
2026-02-07 00:33:40,325 - Knowledge - INFO - process ingested knowledge for /app/data/T0015/317339/b5823z3/ts-node-317339/tests/esm/package.json
2026-02-07 00:33:40,423 - Knowledge - INFO - process ingested knowledge for /app/data/T0015/317339/b5823z3/ts-node-317339/tests/1488/index.js
2026-02-07 00:33:40,503 - Knowledge - INFO - Batch sizing: calculated=4, max_allowed=10, queue=69, active_workers=20/20
2026-02-07 00:33:40,616 - Knowledge - INFO - process ingested knowledge for /app/data/T0015/317339/b5823z3/ts-node-317339/tests/esm/index.ts
2026-02-07 00:33:40,729 - Knowledge - INFO - process ingested knowledge for /app/data/T0015/317339/b5823z3/ts-node-317339/tests/1996/index.ts
2026-02-07 00:33:40,811 - Knowledge - INFO - Fast-tracked /app/data/T0015/317339/b5823z3/ts-node-317339/tests/repl/tla-import.ts (ext=.ts, size=30)
2026-02-07 00:33:40,891 - Knowledge - INFO - Fast-tracked /app/data/T0015/317339/b5823z3/ts-node-317339/tests/require-cache.ts (ext=.ts, size=217)
2026-02-07 00:33:41,001 - Knowledge - INFO - Fast-tracked /app/data/T0015/317339/b5823z3/ts-node-317339/tests/module.ts (ext=.ts, size=69)
2026-02-07 00:33:41,104 - Knowledge - INFO - Worker kw11 processing /app/data/T0015/317339/b5823z3/ts-node-317339/tests/esm-node-resolver/baz.js
2026-02-07 00:33:41,206 - Knowledge - INFO - Fast-tracked /app/data/T0015/317339/b5823z3/ts-node-317339/tests/compiler-error.ts (ext=.ts, size=72)
2026-02-07 00:33:41,294 - Knowledge - INFO - process ingested knowledge for /app/data/T0015/317339/b5823z3/ts-node-317339/tests/esm/throw error.ts
2026-02-07 00:33:41,373 - Knowledge - INFO - process ingested knowledge for /app/data/T0015/317339/b5823z3/ts-node-317339/tests/esm-import-assertions/tsconfig.json
2026-02-07 00:33:41,497 - Knowledge - INFO - Processing batch of 5 files
2026-02-07 00:33:41,615 - Knowledge - INFO - Processing batch of 5 files
2026-02-07 00:33:41,667 - Knowledge - INFO - Worker kw3 processing /app/data/T0015/317339/b5823z3/ts-node-317339/tests/1778/package.json
2026-02-07 00:33:41,740 - Knowledge - INFO - Fast-tracked /app/data/T0015/317339/b5823z3/ts-node-317339/tests/esm-err-require-esm/esm-package/loaded-as.ts (ext=.ts, size=134)
2026-02-07 00:33:41,845 - Knowledge - INFO - Worker kw8 processing /app/data/T0015/317339/b5823z3/ts-node-317339/tests/esm-node-resolver/index.ts
2026-02-07 00:33:41,920 - Knowledge - INFO - Batch sizing: calculated=4, max_allowed=10, queue=65, active_workers=20/20
2026-02-07 00:33:42,025 - Knowledge - INFO - Fast-tracked /app/data/T0015/317339/b5823z3/ts-node-317339/tests/esm-node-resolver/biff.jsx (ext=.jsx, size=182)
2026-02-07 00:33:42,130 - Knowledge - INFO - Async storing batch of 5 embeddings
2026-02-07 00:33:42,520 - Knowledge - INFO - Async storing batch of 5 embeddings
2026-02-07 00:33:42,650 - Knowledge - INFO - Async storage completed for 5 embeddings
2026-02-07 00:33:42,721 - Knowledge - INFO - Async storage completed for 6 embeddings
2026-02-07 00:33:42,822 - Knowledge - INFO - Async storage completed for 5 embeddings
2026-02-07 00:33:42,895 - Knowledge - INFO - Fast-tracked /app/data/T0015/317339/b5823z3/ts-node-317339/tests/esm-node-resolver/baz.js (ext=.js, size=113)
2026-02-07 00:33:42,965 - Knowledge - INFO - Async storage completed for 5 embeddings
2026-02-07 00:33:43,186 - Knowledge - INFO - process ingested knowledge for /app/data/T0015/317339/b5823z3/ts-node-317339/tests/working-dir/esm/package.json
2026-02-07 00:33:43,276 - Knowledge - INFO - process ingested knowledge for /app/data/T0015/317339/b5823z3/ts-node-317339/tests/issue-986/index.ts
2026-02-07 00:33:43,277 - Knowledge - INFO - process ingested knowledge for /app/data/T0015/317339/b5823z3/ts-node-317339/tests/child-process.ts
2026-02-07 00:33:43,347 - Knowledge - INFO - Fast-tracked /app/data/T0015/317339/b5823z3/ts-node-317339/tests/1778/package.json (ext=.json, size=23)
2026-02-07 00:33:43,459 - Knowledge - INFO - Async storage completed for 5 embeddings
2026-02-07 00:33:43,475 - Knowledge - INFO - [WEBSOCKET] Sent: Type=progress_update, Size: 291, Duration: 0ms
2026-02-07 00:33:43,475 - Knowledge - INFO - process ingested knowledge for /app/data/T0015/317339/b5823z3/ts-node-317339/tests/working-dir/cjs/index.ts
2026-02-07 00:33:43,548 - Knowledge - INFO - [kw10] Queue=57, InProgress=0, PendingWorkers=20/20, Completed=293/395 (74.2%)
2026-02-07 00:33:43,563 - Knowledge - INFO - Fast-tracked /app/data/T0015/317339/b5823z3/ts-node-317339/tests/esm-node-resolver/index.ts (ext=.ts, size=453)
2026-02-07 00:33:43,701 - Knowledge - INFO - Worker kw1 processing /app/data/T0015/317339/b5823z3/ts-node-317339/tests/esm-node-resolver/foo.ts
2026-02-07 00:33:43,776 - Knowledge - INFO - Worker kw9 processing /app/data/T0015/317339/b5823z3/ts-node-317339/website/src/pages/styles.module.css
2026-02-07 00:33:43,884 - Knowledge - INFO - Worker kw14 processing /app/data/T0015/317339/b5823z3/ts-node-317339/website/static/img/favicon/html_code.html
2026-02-07 00:33:44,234 - Knowledge - INFO - Worker kw11 processing /app/data/T0015/317339/b5823z3/ts-node-317339/tests/esm-node-resolver/package.json
2026-02-07 00:33:44,382 - Knowledge - INFO - process ingested knowledge for /app/data/T0015/317339/b5823z3/ts-node-317339/tests/working-dir/esm/tsconfig.json
2026-02-07 00:33:44,460 - Knowledge - INFO - process ingested knowledge for /app/data/T0015/317339/b5823z3/ts-node-317339/tests/from-node-modules/from-node-modules.ts
2026-02-07 00:33:44,566 - Knowledge - INFO - process ingested knowledge for /app/data/T0015/317339/b5823z3/ts-node-317339/tests/esm-import-assertions/package.json
2026-02-07 00:33:44,671 - Knowledge - INFO - Async storage completed for 5 embeddings
2026-02-07 00:33:44,846 - Knowledge - INFO - [kw6] Queue=53, InProgress=0, PendingWorkers=20/20, Completed=305/395 (77.2%)
2026-02-07 00:33:44,846 - Knowledge - INFO - [kw20] Queue=53, InProgress=0, PendingWorkers=20/20, Completed=305/395 (77.2%)
2026-02-07 00:33:44,848 - Knowledge - INFO - Async storing batch of 5 embeddings
2026-02-07 00:33:44,853 - Knowledge - INFO - [WEBSOCKET] Sent: Type=unknown, Size: ?, Duration: 1378ms
2026-02-07 00:33:44,934 - Knowledge - INFO - process ingested knowledge for /app/data/T0015/317339/b5823z3/ts-node-317339/tests/working-dir/forking/subfolder/worker.ts
2026-02-07 00:33:45,051 - Knowledge - INFO - Batch sizing: calculated=4, max_allowed=10, queue=57, active_workers=20/20
2026-02-07 00:33:45,128 - Knowledge - INFO - Worker kw8 processing /app/data/T0015/317339/b5823z3/ts-node-317339/tests/2076/tsconfig.json
2026-02-07 00:33:45,217 - Knowledge - INFO - Fast-tracked /app/data/T0015/317339/b5823z3/ts-node-317339/tests/esm-node-resolver/foo.ts (ext=.ts, size=121)
2026-02-07 00:33:45,316 - Knowledge - INFO - Fast-tracked /app/data/T0015/317339/b5823z3/ts-node-317339/website/src/pages/styles.module.css (ext=.css, size=559)
2026-02-07 00:33:45,417 - Knowledge - INFO - Fast-tracked /app/data/T0015/317339/b5823z3/ts-node-317339/website/static/img/favicon/html_code.html (ext=.html, size=1329)
2026-02-07 00:33:45,497 - Knowledge - INFO - Fast-tracked /app/data/T0015/317339/b5823z3/ts-node-317339/tests/esm-node-resolver/package.json (ext=.json, size=23)
2026-02-07 00:33:45,595 - Knowledge - INFO - process ingested knowledge for /app/data/T0015/317339/b5823z3/ts-node-317339/tests/working-dir/esm/index.ts
2026-02-07 00:33:45,677 - Knowledge - INFO - process ingested knowledge for /app/data/T0015/317339/b5823z3/ts-node-317339/tests/from-node-modules/tsconfig.json
2026-02-07 00:33:45,769 - Knowledge - INFO - process ingested knowledge for /app/data/T0015/317339/b5823z3/ts-node-317339/tests/esm-import-assertions/importJson.ts
2026-02-07 00:33:45,967 - Knowledge - INFO - Batch sizing: calculated=4, max_allowed=10, queue=53, active_workers=20/20
2026-02-07 00:33:46,064 - Knowledge - INFO - Batch sizing: calculated=4, max_allowed=10, queue=53, active_workers=20/20
2026-02-07 00:33:46,166 - Knowledge - INFO - Worker kw7 processing /app/data/T0015/317339/b5823z3/ts-node-317339/website/docs/options-table.md
2026-02-07 00:33:46,235 - Knowledge - INFO - Progress: 74.2% | Files: 307/395 | Rate: 2.22 files/sec | Queue: 53
2026-02-07 00:33:46,259 - Knowledge - INFO - Processing batch of 5 files
2026-02-07 00:33:46,263 - Knowledge - INFO - Processing batch of 4 files
2026-02-07 00:33:46,264 - Knowledge - INFO - Processing batch of 4 files
2026-02-07 00:33:46,270 - Knowledge - INFO - Processing batch of 4 files
2026-02-07 00:33:46,271 - Knowledge - INFO - Processing batch of 4 files
2026-02-07 00:33:46,272 - Knowledge - INFO - Processing batch of 4 files
2026-02-07 00:33:46,321 - Knowledge - INFO - process ingested knowledge for /app/data/T0015/317339/b5823z3/ts-node-317339/tests/working-dir/forking/index.ts
2026-02-07 00:33:46,393 - Knowledge - INFO - Async storing batch of 5 embeddings
2026-02-07 00:33:46,508 - Knowledge - INFO - Fast-tracked /app/data/T0015/317339/b5823z3/ts-node-317339/tests/2076/tsconfig.json (ext=.json, size=49)
2026-02-07 00:33:46,616 - Knowledge - INFO - Worker kw1 processing /app/data/T0015/317339/b5823z3/ts-node-317339/tests/esm-node-resolver/bar/index.ts
2026-02-07 00:33:46,685 - Knowledge - INFO - Worker kw9 processing /app/data/T0015/317339/b5823z3/ts-node-317339/website/src/css/custom.css
2026-02-07 00:33:46,763 - Knowledge - INFO - Worker kw14 processing /app/data/T0015/317339/b5823z3/ts-node-317339/website/static/img/favicon/browserconfig.xml
2026-02-07 00:33:46,834 - Knowledge - INFO - Async storage completed for 5 embeddings
2026-02-07 00:33:46,914 - Knowledge - INFO - process ingested knowledge for /app/data/T0015/317339/b5823z3/ts-node-317339/tests/issue-986/types.ts
2026-02-07 00:33:47,027 - Knowledge - INFO - process ingested knowledge for /app/data/T0015/317339/b5823z3/ts-node-317339/tests/repl-ignored-diagnostics/index.ts
2026-02-07 00:33:47,144 - Knowledge - INFO - process ingested knowledge for /app/data/T0015/317339/b5823z3/ts-node-317339/tests/esm-import-assertions/car.json
2026-02-07 00:33:47,215 - Knowledge - INFO - Async storing batch of 5 embeddings
2026-02-07 00:33:47,290 - Knowledge - INFO - Async storing batch of 5 embeddings
2026-02-07 00:33:47,358 - Knowledge - INFO - Fast-tracked /app/data/T0015/317339/b5823z3/ts-node-317339/website/docs/options-table.md (ext=.md, size=21688)
2026-02-07 00:33:47,427 - Knowledge - INFO - [kw12] Queue=41, InProgress=0, PendingWorkers=20/20, Completed=318/395 (80.5%)
2026-02-07 00:33:47,519 - Knowledge - INFO - process ingested knowledge for /app/data/T0015/317339/b5823z3/ts-node-317339/tests/main-realpath/symlink/tsconfig.json
2026-02-07 00:33:47,607 - Knowledge - INFO - process ingested knowledge for /app/data/T0015/317339/b5823z3/ts-node-317339/tests/esm-loader-context/index.mjs
2026-02-07 00:33:47,711 - Knowledge - INFO - process ingested knowledge for /app/data/T0015/317339/b5823z3/ts-node-317339/tests/tsconfig-transpile-only.json
2026-02-07 00:33:47,796 - Knowledge - INFO - process ingested knowledge for /app/data/T0015/317339/b5823z3/ts-node-317339/tests/maxnodemodulesjsdepth/tsconfig.json
2026-02-07 00:33:47,880 - Knowledge - INFO - process ingested knowledge for /app/data/T0015/317339/b5823z3/ts-node-317339/tests/with-jsx.tsx
2026-02-07 00:33:47,957 - Knowledge - INFO - process ingested knowledge for /app/data/T0015/317339/b5823z3/ts-node-317339/tests/esm-err-require-esm/index.js
2026-02-07 00:33:48,041 - Knowledge - INFO - process ingested knowledge for /app/data/T0015/317339/b5823z3/ts-node-317339/tests/working-dir/tsconfig.json
2026-02-07 00:33:48,136 - Knowledge - INFO - Worker kw10 processing /app/data/T0015/317339/b5823z3/ts-node-317339/website/docs/how-it-works.md
2026-02-07 00:33:48,261 - Knowledge - INFO - Worker kw8 processing /app/data/T0015/317339/b5823z3/ts-node-317339/website/scripts/build-readme.mjs
2026-02-07 00:33:48,342 - Knowledge - INFO - Fast-tracked /app/data/T0015/317339/b5823z3/ts-node-317339/tests/esm-node-resolver/bar/index.ts (ext=.ts, size=121)
2026-02-07 00:33:48,410 - Knowledge - INFO - Fast-tracked /app/data/T0015/317339/b5823z3/ts-node-317339/website/src/css/custom.css (ext=.css, size=2320)
2026-02-07 00:33:48,516 - Knowledge - INFO - Fast-tracked /app/data/T0015/317339/b5823z3/ts-node-317339/website/static/img/favicon/browserconfig.xml (ext=.xml, size=258)
2026-02-07 00:33:48,613 - Knowledge - INFO - Processing batch of 4 files
2026-02-07 00:33:48,658 - Knowledge - INFO - process ingested knowledge for /app/data/T0015/317339/b5823z3/ts-node-317339/tests/issue-986/tsconfig.json
2026-02-07 00:33:48,749 - Knowledge - INFO - process ingested knowledge for /app/data/T0015/317339/b5823z3/ts-node-317339/tests/main-realpath/symlink/symlink.tsx
2026-02-07 00:33:48,975 - Knowledge - INFO - Worker kw6 processing /app/data/T0015/317339/b5823z3/ts-node-317339/website/docs/performance.md
2026-02-07 00:33:49,068 - Knowledge - INFO - Worker kw20 processing /app/data/T0015/317339/b5823z3/ts-node-317339/website/docs/commonjs-vs-native-ecmascript-modules.md
2026-02-07 00:33:49,172 - Knowledge - INFO - Worker kw7 processing /app/data/T0015/317339/b5823z3/ts-node-317339/website/docs/module-type-overrides.md
2026-02-07 00:33:49,268 - Knowledge - INFO - Batch sizing: calculated=4, max_allowed=10, queue=41, active_workers=20/20
2026-02-07 00:33:49,333 - Knowledge - INFO - [WEBSOCKET] Sent: Type=progress_update, Size: 272, Duration: 0ms
2026-02-07 00:33:49,348 - Knowledge - INFO - process ingested knowledge for /app/data/T0015/317339/b5823z3/ts-node-317339/tests/esm-transpile-only/package.json
2026-02-07 00:33:49,435 - Knowledge - INFO - process ingested knowledge for /app/data/T0015/317339/b5823z3/ts-node-317339/tests/esm-loader-context/loader.mjs
2026-02-07 00:33:49,509 - Knowledge - INFO - process ingested knowledge for /app/data/T0015/317339/b5823z3/ts-node-317339/tests/throw error.ts
2026-02-07 00:33:49,603 - Knowledge - INFO - process ingested knowledge for /app/data/T0015/317339/b5823z3/ts-node-317339/tests/maxnodemodulesjsdepth/index.ts
2026-02-07 00:33:49,676 - Knowledge - INFO - process ingested knowledge for /app/data/T0015/317339/b5823z3/ts-node-317339/tests/transpile-only-swc/tsconfig.json
2026-02-07 00:33:49,749 - Knowledge - INFO - process ingested knowledge for /app/data/T0015/317339/b5823z3/ts-node-317339/tests/recursive-fork/tsconfig.json
2026-02-07 00:33:49,897 - Knowledge - INFO - Fast-tracked /app/data/T0015/317339/b5823z3/ts-node-317339/website/docs/how-it-works.md (ext=.md, size=514)
2026-02-07 00:33:49,977 - Knowledge - INFO - Worker kw8 processing /app/data/T0015/317339/b5823z3/ts-node-317339/website/src/pages/index.js
2026-02-07 00:33:50,053 - Knowledge - INFO - Worker kw1 processing /app/data/T0015/317339/b5823z3/ts-node-317339/tests/esm-node-resolver/tsconfig.json
2026-02-07 00:33:50,136 - Knowledge - INFO - Worker kw9 processing /app/data/T0015/317339/b5823z3/ts-node-317339/website/src/theme/DocBreadcrumbs/index.tsx
2026-02-07 00:33:50,217 - Knowledge - INFO - Worker kw14 processing /app/data/T0015/317339/b5823z3/ts-node-317339/website/sidebars.js
2026-02-07 00:33:50,298 - Knowledge - INFO - process ingested knowledge for /app/data/T0015/317339/b5823z3/ts-node-317339/tests/1778/tsconfig.json
2026-02-07 00:33:50,599 - Knowledge - INFO - Fast-tracked /app/data/T0015/317339/b5823z3/ts-node-317339/website/docs/performance.md (ext=.md, size=969)
2026-02-07 00:33:50,662 - Knowledge - INFO - Fast-tracked /app/data/T0015/317339/b5823z3/ts-node-317339/website/docs/commonjs-vs-native-ecmascript-modules.md (ext=.md, size=3602)
2026-02-07 00:33:50,739 - Knowledge - INFO - Fast-tracked /app/data/T0015/317339/b5823z3/ts-node-317339/website/docs/module-type-overrides.md (ext=.md, size=3029)
2026-02-07 00:33:50,928 - Knowledge - INFO - Async storing batch of 5 embeddings
2026-02-07 00:33:50,928 - Knowledge - INFO - [WEBSOCKET] Sent: Type=unknown, Size: ?, Duration: 1596ms
2026-02-07 00:33:50,999 - Knowledge - INFO - [kw17] Queue=37, InProgress=0, PendingWorkers=20/20, Completed=322/395 (81.5%)
2026-02-07 00:33:51,081 - Knowledge - INFO - process ingested knowledge for /app/data/T0015/317339/b5823z3/ts-node-317339/tests/esm-transpile-only/tsconfig.json
2026-02-07 00:33:51,151 - Knowledge - INFO - process ingested knowledge for /app/data/T0015/317339/b5823z3/ts-node-317339/tests/esm-err-require-esm/esm-package/package.json
2026-02-07 00:33:51,218 - Knowledge - INFO - process ingested knowledge for /app/data/T0015/317339/b5823z3/ts-node-317339/tests/repl/script.js
2026-02-07 00:33:51,309 - Knowledge - INFO - process ingested knowledge for /app/data/T0015/317339/b5823z3/ts-node-317339/tests/maxnodemodulesjsdepth/other.ts
2026-02-07 00:33:51,395 - Knowledge - INFO - process ingested knowledge for /app/data/T0015/317339/b5823z3/ts-node-317339/tests/transpile-only-swc/index.ts
2026-02-07 00:33:51,540 - Knowledge - INFO - process ingested knowledge for /app/data/T0015/317339/b5823z3/ts-node-317339/tests/recursive-fork/index.ts
2026-02-07 00:33:51,649 - Knowledge - INFO - Worker kw10 processing /app/data/T0015/317339/b5823z3/ts-node-317339/website/docs/overview.md
2026-02-07 00:33:51,871 - Knowledge - INFO - Fast-tracked /app/data/T0015/317339/b5823z3/ts-node-317339/tests/esm-node-resolver/tsconfig.json (ext=.json, size=127)
2026-02-07 00:33:51,944 - Knowledge - INFO - Fast-tracked /app/data/T0015/317339/b5823z3/ts-node-317339/website/src/theme/DocBreadcrumbs/index.tsx (ext=.tsx, size=1859)
2026-02-07 00:33:52,017 - Knowledge - INFO - Fast-tracked /app/data/T0015/317339/b5823z3/ts-node-317339/website/sidebars.js (ext=.js, size=1094)
2026-02-07 00:33:52,078 - Knowledge - INFO - process ingested knowledge for /app/data/T0015/317339/b5823z3/ts-node-317339/tests/1778/index.ts
2026-02-07 00:33:52,179 - Knowledge - INFO - Worker kw6 processing /app/data/T0015/317339/b5823z3/ts-node-317339/website/docs/api.md
2026-02-07 00:33:52,259 - Knowledge - INFO - Worker kw20 processing /app/data/T0015/317339/b5823z3/ts-node-317339/website/docs/options.md
2026-02-07 00:33:52,372 - Knowledge - INFO - Worker kw7 processing /app/data/T0015/317339/b5823z3/ts-node-317339/website/docs/usage.md
2026-02-07 00:33:52,483 - Knowledge - INFO - Worker kw12 processing /app/data/T0015/317339/b5823z3/ts-node-317339/website/docs/recipes/intellij.md
2026-02-07 00:33:52,585 - Knowledge - INFO - Progress: 81.5% | Files: 322/395 | Rate: 2.23 files/sec | Queue: 37
2026-02-07 00:33:52,585 - Knowledge - INFO - [kw15] Queue=37, InProgress=0, PendingWorkers=20/20, Completed=322/395 (81.5%)
2026-02-07 00:33:52,585 - Knowledge - INFO - [kw16] Queue=37, InProgress=0, PendingWorkers=20/20, Completed=322/395 (81.5%)
2026-02-07 00:33:52,660 - Knowledge - INFO - Batch sizing: calculated=4, max_allowed=10, queue=37, active_workers=20/20
2026-02-07 00:33:52,736 - Knowledge - INFO - process ingested knowledge for /app/data/T0015/317339/b5823z3/ts-node-317339/tests/esm-transpile-only/index.ts
2026-02-07 00:33:52,829 - Knowledge - INFO - process ingested knowledge for /app/data/T0015/317339/b5823z3/ts-node-317339/tests/esm-err-require-esm/esm-package/loaded-as.ts
2026-02-07 00:33:52,928 - Knowledge - INFO - process ingested knowledge for /app/data/T0015/317339/b5823z3/ts-node-317339/tests/repl/tla-import.ts
2026-02-07 00:33:53,021 - Knowledge - INFO - process ingested knowledge for /app/data/T0015/317339/b5823z3/ts-node-317339/tests/1778/package.json
2026-02-07 00:33:53,091 - Knowledge - INFO - process ingested knowledge for /app/data/T0015/317339/b5823z3/ts-node-317339/tests/module.ts
2026-02-07 00:33:53,160 - Knowledge - INFO - process ingested knowledge for /app/data/T0015/317339/b5823z3/ts-node-317339/tests/compiler-error.ts
2026-02-07 00:33:53,244 - Knowledge - INFO - Fast-tracked /app/data/T0015/317339/b5823z3/ts-node-317339/website/docs/overview.md (ext=.md, size=778)
2026-02-07 00:33:53,331 - Knowledge - INFO - Async storage completed for 5 embeddings
2026-02-07 00:33:53,475 - Knowledge - INFO - Worker kw9 processing /app/data/T0015/317339/b5823z3/ts-node-317339/website/src/theme/DocBreadcrumbs/styles.module.css
2026-02-07 00:33:53,534 - Knowledge - INFO - Fast-tracked /app/data/T0015/317339/b5823z3/ts-node-317339/website/src/pages/index.js (small file (2030 bytes))
2026-02-07 00:33:53,585 - Knowledge - INFO - Worker kw14 processing /app/data/T0015/317339/b5823z3/ts-node-317339/website/package.json
2026-02-07 00:33:53,702 - Knowledge - INFO - process ingested knowledge for /app/data/T0015/317339/b5823z3/ts-node-317339/tests/esm-node-resolver/baz.js
2026-02-07 00:33:53,786 - Knowledge - INFO - Fast-tracked /app/data/T0015/317339/b5823z3/ts-node-317339/website/docs/api.md (ext=.md, size=670)
2026-02-07 00:33:53,867 - Knowledge - INFO - Fast-tracked /app/data/T0015/317339/b5823z3/ts-node-317339/website/docs/options.md (ext=.md, size=7858)
2026-02-07 00:33:53,955 - Knowledge - INFO - Fast-tracked /app/data/T0015/317339/b5823z3/ts-node-317339/website/docs/usage.md (ext=.md, size=2524)
2026-02-07 00:33:54,057 - Knowledge - INFO - Fast-tracked /app/data/T0015/317339/b5823z3/ts-node-317339/website/docs/recipes/intellij.md (ext=.md, size=405)
2026-02-07 00:33:54,151 - Knowledge - INFO - [kw13] Queue=37, InProgress=0, PendingWorkers=20/20, Completed=322/395 (81.5%)
2026-02-07 00:33:54,222 - Knowledge - INFO - Batch sizing: calculated=4, max_allowed=10, queue=37, active_workers=20/20
2026-02-07 00:33:54,336 - Knowledge - INFO - Batch sizing: calculated=4, max_allowed=10, queue=37, active_workers=20/20
2026-02-07 00:33:54,450 - Knowledge - INFO - Async storing batch of 5 embeddings
2026-02-07 00:33:54,520 - Knowledge - INFO - process ingested knowledge for /app/data/T0015/317339/b5823z3/ts-node-317339/tests/require-cache.ts
2026-02-07 00:33:55,041 - Knowledge - INFO - Worker kw10 processing /app/data/T0015/317339/b5823z3/ts-node-317339/website/docs/transpilers.md
2026-02-07 00:33:55,205 - Knowledge - INFO - Fast-tracked /app/data/T0015/317339/b5823z3/ts-node-317339/website/src/theme/DocBreadcrumbs/styles.module.css (ext=.css, size=585)
2026-02-07 00:33:55,302 - Knowledge - INFO - Async storage completed for 5 embeddings
2026-02-07 00:33:55,382 - Knowledge - INFO - Fast-tracked /app/data/T0015/317339/b5823z3/ts-node-317339/website/package.json (ext=.json, size=1311)
2026-02-07 00:33:55,646 - Knowledge - INFO - Worker kw6 processing /app/data/T0015/317339/b5823z3/ts-node-317339/website/docs/scope.md
2026-02-07 00:33:55,760 - Knowledge - INFO - Worker kw20 processing /app/data/T0015/317339/b5823z3/ts-node-317339/website/docs/recipes/visual-studio-code.md
2026-02-07 00:33:55,848 - Knowledge - INFO - process ingested knowledge for /app/data/T0015/317339/b5823z3/ts-node-317339/tests/esm-node-resolver/package.json
2026-02-07 00:33:55,849 - Knowledge - INFO - [kw2] Queue=33, InProgress=0, PendingWorkers=20/20, Completed=325/395 (82.3%)
2026-02-07 00:33:55,849 - Knowledge - INFO - [kw5] Queue=33, InProgress=0, PendingWorkers=20/20, Completed=325/395 (82.3%)
2026-02-07 00:33:55,860 - Knowledge - INFO - Worker kw7 processing /app/data/T0015/317339/b5823z3/ts-node-317339/website/docs/swc.md
2026-02-07 00:33:55,931 - Knowledge - INFO - [kw3] Queue=33, InProgress=0, PendingWorkers=20/20, Completed=325/395 (82.3%)
2026-02-07 00:33:55,931 - Knowledge - INFO - Processing batch of 4 files
2026-02-07 00:33:55,932 - Knowledge - INFO - Worker kw12 processing /app/data/T0015/317339/b5823z3/ts-node-317339/website/docs/recipes/other.md
2026-02-07 00:33:56,016 - Knowledge - INFO - Batch sizing: calculated=4, max_allowed=10, queue=37, active_workers=20/20
2026-02-07 00:33:56,091 - Knowledge - INFO - [kw4] Queue=33, InProgress=0, PendingWorkers=20/20, Completed=326/395 (82.5%)
2026-02-07 00:33:56,091 - Knowledge - INFO - Async storing batch of 5 embeddings
2026-02-07 00:33:56,133 - Knowledge - INFO - [kw18] Queue=29, InProgress=0, PendingWorkers=20/20, Completed=326/395 (82.5%)
2026-02-07 00:33:56,165 - Knowledge - INFO - Async storing batch of 5 embeddings
2026-02-07 00:33:56,239 - Knowledge - INFO - Worker kw17 processing /app/data/T0015/317339/b5823z3/ts-node-317339/website/docs/recipes/mocha.md
2026-02-07 00:33:56,431 - Knowledge - INFO - Fast-tracked /app/data/T0015/317339/b5823z3/ts-node-317339/website/docs/transpilers.md (ext=.md, size=1954)
2026-02-07 00:33:56,510 - Knowledge - INFO - Async storage completed for 5 embeddings
2026-02-07 00:33:56,692 - Knowledge - INFO - Async storage completed for 5 embeddings
2026-02-07 00:33:56,797 - Knowledge - INFO - [kw19] Queue=25, InProgress=0, PendingWorkers=20/20, Completed=326/395 (82.5%)
2026-02-07 00:33:56,804 - Knowledge - INFO - Fast-tracked /app/data/T0015/317339/b5823z3/ts-node-317339/website/docs/scope.md (ext=.md, size=2349)
2026-02-07 00:33:56,869 - Knowledge - INFO - Fast-tracked /app/data/T0015/317339/b5823z3/ts-node-317339/website/docs/recipes/visual-studio-code.md (ext=.md, size=826)
2026-02-07 00:33:57,044 - Knowledge - INFO - Batch sizing: calculated=4, max_allowed=10, queue=33, active_workers=20/20
2026-02-07 00:33:57,136 - Knowledge - INFO - Batch sizing: calculated=4, max_allowed=10, queue=33, active_workers=20/20
2026-02-07 00:33:57,241 - Knowledge - INFO - Fast-tracked /app/data/T0015/317339/b5823z3/ts-node-317339/website/docs/swc.md (ext=.md, size=798)
2026-02-07 00:33:57,371 - Knowledge - INFO - Batch sizing: calculated=4, max_allowed=10, queue=33, active_workers=20/20
2026-02-07 00:33:57,384 - Knowledge - INFO - [kw11] Queue=25, InProgress=0, PendingWorkers=20/20, Completed=326/395 (82.5%)
2026-02-07 00:33:57,481 - Knowledge - INFO - process ingested knowledge for /app/data/T0015/317339/b5823z3/ts-node-317339/tests/esm-node-resolver/biff.jsx
2026-02-07 00:33:57,579 - Knowledge - INFO - Fast-tracked /app/data/T0015/317339/b5823z3/ts-node-317339/website/docs/recipes/other.md (ext=.md, size=472)
2026-02-07 00:33:57,671 - Knowledge - INFO - Async storing batch of 5 embeddings
2026-02-07 00:33:57,787 - Knowledge - INFO - Batch sizing: calculated=4, max_allowed=10, queue=33, active_workers=20/20
2026-02-07 00:33:57,873 - Knowledge - INFO - Worker kw15 processing /app/data/T0015/317339/b5823z3/ts-node-317339/website/docs/configuration.md
2026-02-07 00:33:57,945 - Knowledge - INFO - Batch sizing: calculated=4, max_allowed=10, queue=29, active_workers=20/20
2026-02-07 00:33:58,038 - Knowledge - INFO - Worker kw16 processing /app/data/T0015/317339/b5823z3/ts-node-317339/website/docusaurus.config.js
2026-02-07 00:33:58,107 - Knowledge - INFO - Fast-tracked /app/data/T0015/317339/b5823z3/ts-node-317339/website/docs/recipes/mocha.md (ext=.md, size=732)
2026-02-07 00:33:58,190 - Knowledge - INFO - Worker kw10 processing /app/data/T0015/317339/b5823z3/ts-node-317339/website/docs/installation.md
2026-02-07 00:33:58,286 - Knowledge - INFO - Processing batch of 4 files
2026-02-07 00:33:58,384 - Knowledge - INFO - Processing batch of 4 files
2026-02-07 00:33:58,459 - Knowledge - INFO - Batch sizing: calculated=4, max_allowed=10, queue=25, active_workers=20/20
2026-02-07 00:33:58,555 - Knowledge - INFO - Worker kw6 processing /app/data/T0015/317339/b5823z3/ts-node-317339/website/docs/compilers.md
2026-02-07 00:33:58,644 - Knowledge - INFO - Worker kw20 processing /app/data/T0015/317339/b5823z3/ts-node-317339/website/docs/recipes/watching-and-restarting.md
2026-02-07 00:33:58,766 - Knowledge - INFO - Async storing batch of 4 embeddings
2026-02-07 00:33:58,863 - Knowledge - INFO - Async storing batch of 4 embeddings
2026-02-07 00:33:58,966 - Knowledge - INFO - Async storage completed for 5 embeddings
2026-02-07 00:33:59,080 - Knowledge - INFO - Async storing batch of 4 embeddings
2026-02-07 00:33:59,170 - Knowledge - INFO - Batch sizing: calculated=4, max_allowed=10, queue=25, active_workers=20/20
2026-02-07 00:33:59,248 - Knowledge - INFO - process ingested knowledge for /app/data/T0015/317339/b5823z3/ts-node-317339/tests/esm-node-resolver/foo.ts
2026-02-07 00:33:59,316 - Knowledge - INFO - Worker kw12 processing /app/data/T0015/317339/b5823z3/ts-node-317339/website/docs/recipes/npx-and-yarn-dlx.md
2026-02-07 00:33:59,394 - Knowledge - INFO - Worker kw13 processing /app/data/T0015/317339/b5823z3/ts-node-317339/api-extractor/ts-node.api.md
2026-02-07 00:33:59,473 - Knowledge - INFO - Async storing batch of 4 embeddings
2026-02-07 00:33:59,546 - Knowledge - INFO - Fast-tracked /app/data/T0015/317339/b5823z3/ts-node-317339/website/docs/configuration.md (ext=.md, size=3744)
2026-02-07 00:33:59,644 - Knowledge - INFO - Async storing batch of 4 embeddings
2026-02-07 00:33:59,744 - Knowledge - INFO - Worker kw16 processing /app/data/T0015/317339/b5823z3/ts-node-317339/website/README.md
2026-02-07 00:33:59,817 - Knowledge - INFO - Worker kw17 processing /app/data/T0015/317339/b5823z3/ts-node-317339/website/docs/recipes/ava.md
2026-02-07 00:33:59,902 - Knowledge - INFO - Fast-tracked /app/data/T0015/317339/b5823z3/ts-node-317339/website/docs/installation.md (ext=.md, size=495)
2026-02-07 00:33:59,989 - Knowledge - INFO - process ingested knowledge for /app/data/T0015/317339/b5823z3/ts-node-317339/website/src/pages/styles.module.css
2026-02-07 00:34:00,102 - Knowledge - INFO - process ingested knowledge for /app/data/T0015/317339/b5823z3/ts-node-317339/website/static/img/favicon/html_code.html
2026-02-07 00:34:00,191 - Knowledge - INFO - Async storing batch of 5 embeddings
2026-02-07 00:34:00,306 - Knowledge - INFO - Fast-tracked /app/data/T0015/317339/b5823z3/ts-node-317339/website/docs/compilers.md (ext=.md, size=842)
2026-02-07 00:34:00,413 - Knowledge - INFO - Fast-tracked /app/data/T0015/317339/b5823z3/ts-node-317339/website/docs/recipes/watching-and-restarting.md (ext=.md, size=703)
2026-02-07 00:34:00,483 - Knowledge - INFO - Worker kw2 processing /app/data/T0015/317339/b5823z3/ts-node-317339/dist-raw/node-internal-modules-esm-resolve.js
2026-02-07 00:34:00,584 - Knowledge - INFO - Worker kw5 processing /app/data/T0015/317339/b5823z3/ts-node-317339/dist-raw/node-internal-modules-cjs-loader.js
2026-02-07 00:34:00,656 - Knowledge - INFO - Processing batch of 4 files
2026-02-07 00:34:00,743 - Knowledge - INFO - Worker kw3 processing /app/data/T0015/317339/b5823z3/ts-node-317339/dist-raw/runmain-hack.js
2026-02-07 00:34:00,837 - Knowledge - INFO - [WEBSOCKET] Sent: Type=progress_update, Size: 273, Duration: 0ms
2026-02-07 00:34:00,909 - Knowledge - INFO - process ingested knowledge for /app/data/T0015/317339/b5823z3/ts-node-317339/tests/esm-node-resolver/bar/index.ts
2026-02-07 00:34:01,028 - Knowledge - INFO - Fast-tracked /app/data/T0015/317339/b5823z3/ts-node-317339/website/docs/recipes/npx-and-yarn-dlx.md (ext=.md, size=1364)
2026-02-07 00:34:01,097 - Knowledge - INFO - Fast-tracked /app/data/T0015/317339/b5823z3/ts-node-317339/api-extractor/ts-node.api.md (ext=.md, size=11543)
2026-02-07 00:34:01,170 - Knowledge - INFO - Worker kw4 processing /app/data/T0015/317339/b5823z3/ts-node-317339/dist-raw/node-internal-errors.js
2026-02-07 00:34:01,262 - Knowledge - INFO - Worker kw15 processing /app/data/T0015/317339/b5823z3/ts-node-317339/website/docs/paths.md
2026-02-07 00:34:01,344 - Knowledge - INFO - Worker kw18 processing /app/data/T0015/317339/b5823z3/ts-node-317339/node10/tsconfig.json
2026-02-07 00:34:01,435 - Knowledge - INFO - Fast-tracked /app/data/T0015/317339/b5823z3/ts-node-317339/website/README.md (ext=.md, size=745)
2026-02-07 00:34:01,559 - Knowledge - INFO - Fast-tracked /app/data/T0015/317339/b5823z3/ts-node-317339/website/docs/recipes/ava.md (ext=.md, size=697)
2026-02-07 00:34:01,668 - Knowledge - INFO - Async storage completed for 5 embeddings
2026-02-07 00:34:01,736 - Knowledge - INFO - process ingested knowledge for /app/data/T0015/317339/b5823z3/ts-node-317339/website/src/css/custom.css
2026-02-07 00:34:01,846 - Knowledge - INFO - process ingested knowledge for /app/data/T0015/317339/b5823z3/ts-node-317339/website/static/img/favicon/browserconfig.xml
2026-02-07 00:34:01,963 - Knowledge - INFO - Worker kw19 processing /app/data/T0015/317339/b5823z3/ts-node-317339/node18/tsconfig.json
2026-02-07 00:34:02,053 - Knowledge - INFO - Async storage completed for 5 embeddings
2026-02-07 00:34:02,123 - Knowledge - INFO - Async storage completed for 5 embeddings
2026-02-07 00:34:02,195 - Knowledge - INFO - Worker kw2 processing /app/data/T0015/317339/b5823z3/ts-node-317339/dist-raw/node-internal-modules-esm-get_format.js
2026-02-07 00:34:02,311 - Knowledge - INFO - Worker kw5 processing /app/data/T0015/317339/b5823z3/ts-node-317339/dist-raw/node-options.js
2026-02-07 00:34:02,396 - Knowledge - INFO - process ingested knowledge for /app/data/T0015/317339/b5823z3/ts-node-317339/website/docs/options-table.md
2026-02-07 00:34:02,490 - Knowledge - INFO - Fast-tracked /app/data/T0015/317339/b5823z3/ts-node-317339/dist-raw/runmain-hack.js (ext=.js, size=467)
2026-02-07 00:34:02,560 - Knowledge - INFO - [LLM_CALL] Completed: build-readme.mjs:chunk1, Duration: 9975ms, PromptTokens: 3302, CompletionTokens: 595, Cost: $0.00057
2026-02-07 00:34:02,663 - Knowledge - INFO - process ingested knowledge for /app/data/T0015/317339/b5823z3/ts-node-317339/tests/esm-node-resolver/tsconfig.json
2026-02-07 00:34:02,730 - Knowledge - INFO - Worker kw12 processing /app/data/T0015/317339/b5823z3/ts-node-317339/website/docs/recipes/tape.md
2026-02-07 00:34:02,831 - Knowledge - INFO - Worker kw13 processing /app/data/T0015/317339/b5823z3/ts-node-317339/tsconfig.build-dist-raw.json
2026-02-07 00:34:02,904 - Knowledge - INFO - Worker kw4 processing /app/data/T0015/317339/b5823z3/ts-node-317339/dist-raw/README.md
2026-02-07 00:34:02,987 - Knowledge - INFO - Fast-tracked /app/data/T0015/317339/b5823z3/ts-node-317339/website/docs/paths.md (ext=.md, size=1373)
2026-02-07 00:34:03,097 - Knowledge - INFO - Fast-tracked /app/data/T0015/317339/b5823z3/ts-node-317339/node10/tsconfig.json (ext=.json, size=50)
2026-02-07 00:34:03,205 - Knowledge - INFO - Worker kw16 processing /app/data/T0015/317339/b5823z3/ts-node-317339/website/readme-sources/license.md
2026-02-07 00:34:03,291 - Knowledge - INFO - Worker kw17 processing /app/data/T0015/317339/b5823z3/ts-node-317339/website/docs/recipes/gulp.md
2026-02-07 00:34:03,486 - Knowledge - INFO - process ingested knowledge for /app/data/T0015/317339/b5823z3/ts-node-317339/website/src/theme/DocBreadcrumbs/index.tsx
2026-02-07 00:34:03,566 - Knowledge - INFO - process ingested knowledge for /app/data/T0015/317339/b5823z3/ts-node-317339/website/sidebars.js
2026-02-07 00:34:03,641 - Knowledge - INFO - Fast-tracked /app/data/T0015/317339/b5823z3/ts-node-317339/node18/tsconfig.json (ext=.json, size=50)
2026-02-07 00:34:03,903 - Knowledge - INFO - Worker kw2 processing /app/data/T0015/317339/b5823z3/ts-node-317339/dist-raw/node-primordials.js
2026-02-07 00:34:04,005 - Knowledge - INFO - Worker kw5 processing /app/data/T0015/317339/b5823z3/ts-node-317339/dist-raw/node-internal-modules-cjs-helpers.js
2026-02-07 00:34:04,099 - Knowledge - INFO - process ingested knowledge for /app/data/T0015/317339/b5823z3/ts-node-317339/website/docs/module-type-overrides.md
2026-02-07 00:34:04,196 - Knowledge - INFO - Worker kw3 processing /app/data/T0015/317339/b5823z3/ts-node-317339/dist-raw/node-internal-modules-package_json_reader.js
2026-02-07 00:34:04,277 - Knowledge - INFO - done ingest for /app/data/T0015/317339/b5823z3/ts-node-317339/website/scripts/build-readme.mjs
2026-02-07 00:34:04,279 - Knowledge - INFO - [WEBSOCKET] Sent: Type=unknown, Size: ?, Duration: 3442ms
2026-02-07 00:34:04,437 - Knowledge - INFO - Fast-tracked /app/data/T0015/317339/b5823z3/ts-node-317339/website/docs/recipes/tape.md (ext=.md, size=79)
2026-02-07 00:34:04,554 - Knowledge - INFO - Fast-tracked /app/data/T0015/317339/b5823z3/ts-node-317339/tsconfig.build-dist-raw.json (ext=.json, size=427)
2026-02-07 00:34:04,616 - Knowledge - INFO - Fast-tracked /app/data/T0015/317339/b5823z3/ts-node-317339/dist-raw/README.md (ext=.md, size=1901)
2026-02-07 00:34:04,702 - Knowledge - INFO - Worker kw15 processing /app/data/T0015/317339/b5823z3/ts-node-317339/website/babel.config.js
2026-02-07 00:34:04,809 - Knowledge - INFO - Worker kw18 processing /app/data/T0015/317339/b5823z3/ts-node-317339/transpilers/swc.js
2026-02-07 00:34:04,922 - Knowledge - INFO - Fast-tracked /app/data/T0015/317339/b5823z3/ts-node-317339/website/readme-sources/license.md (ext=.md, size=514)
2026-02-07 00:34:04,987 - Knowledge - INFO - Fast-tracked /app/data/T0015/317339/b5823z3/ts-node-317339/website/docs/recipes/gulp.md (ext=.md, size=208)
2026-02-07 00:34:05,082 - Knowledge - INFO - process ingested knowledge for /app/data/T0015/317339/b5823z3/ts-node-317339/website/src/theme/DocBreadcrumbs/styles.module.css
2026-02-07 00:34:05,164 - Knowledge - INFO - process ingested knowledge for /app/data/T0015/317339/b5823z3/ts-node-317339/website/package.json
2026-02-07 00:34:05,257 - Knowledge - INFO - Async storage completed for 5 embeddings
2026-02-07 00:34:05,372 - Knowledge - INFO - Worker kw2 processing /app/data/T0015/317339/b5823z3/ts-node-317339/dist-raw/node-internalBinding-fs.js
2026-02-07 00:34:05,451 - Knowledge - INFO - Worker kw5 processing /app/data/T0015/317339/b5823z3/ts-node-317339/dist-raw/node-internal-repl-await.js
2026-02-07 00:34:05,559 - Knowledge - INFO - process ingested knowledge for /app/data/T0015/317339/b5823z3/ts-node-317339/website/docs/usage.md
2026-02-07 00:34:05,636 - Knowledge - INFO - Fast-tracked /app/data/T0015/317339/b5823z3/ts-node-317339/dist-raw/node-internal-modules-package_json_reader.js (ext=.js, size=1264)
2026-02-07 00:34:05,785 - Knowledge - INFO - Progress: 85.6% | Files: 351/395 | Rate: 2.25 files/sec | Queue: 0
2026-02-07 00:34:05,785 - Knowledge - INFO - Processing batch of 4 files
2026-02-07 00:34:05,785 - Knowledge - INFO - Processing batch of 4 files
2026-02-07 00:34:05,785 - Knowledge - INFO - Processing batch of 4 files
2026-02-07 00:34:05,786 - Knowledge - INFO - [WEBSOCKET] Sent: Type=progress_update, Size: 272, Duration: 0ms
2026-02-07 00:34:05,888 - Knowledge - INFO - Async storage completed for 5 embeddings
2026-02-07 00:34:05,998 - Knowledge - INFO - Worker kw13 processing /app/data/T0015/317339/b5823z3/ts-node-317339/node14/tsconfig.json
2026-02-07 00:34:06,083 - Knowledge - INFO - Worker kw4 processing /app/data/T0015/317339/b5823z3/ts-node-317339/dist-raw/node-nativemodule.js
2026-02-07 00:34:06,194 - Knowledge - INFO - Fast-tracked /app/data/T0015/317339/b5823z3/ts-node-317339/website/babel.config.js (ext=.js, size=89)
2026-02-07 00:34:06,272 - Knowledge - INFO - Fast-tracked /app/data/T0015/317339/b5823z3/ts-node-317339/transpilers/swc.js (ext=.js, size=52)
2026-02-07 00:34:06,352 - Knowledge - INFO - Worker kw16 processing /app/data/T0015/317339/b5823z3/ts-node-317339/website/readme-sources/prefix.md
2026-02-07 00:34:06,429 - Knowledge - INFO - Worker kw17 processing /app/data/T0015/317339/b5823z3/ts-node-317339/website/docs/troubleshooting.md
2026-02-07 00:34:06,754 - Knowledge - INFO - Fast-tracked /app/data/T0015/317339/b5823z3/ts-node-317339/dist-raw/node-internalBinding-fs.js (ext=.js, size=1761)
2026-02-07 00:34:06,987 - Knowledge - INFO - process ingested knowledge for /app/data/T0015/317339/b5823z3/ts-node-317339/website/docs/swc.md
2026-02-07 00:34:07,009 - Knowledge - INFO - Worker kw3 processing /app/data/T0015/317339/b5823z3/ts-node-317339/dist-raw/node-internal-constants.js
2026-02-07 00:34:07,194 - Knowledge - INFO - process ingested knowledge for /app/data/T0015/317339/b5823z3/ts-node-317339/website/docs/how-it-works.md
2026-02-07 00:34:07,336 - Knowledge - INFO - process ingested knowledge for /app/data/T0015/317339/b5823z3/ts-node-317339/website/docs/performance.md
2026-02-07 00:34:07,457 - Knowledge - INFO - process ingested knowledge for /app/data/T0015/317339/b5823z3/ts-node-317339/website/docs/commonjs-vs-native-ecmascript-modules.md
2026-02-07 00:34:07,583 - Knowledge - INFO - Processing batch of 1 files
2026-02-07 00:34:07,585 - Knowledge - INFO - [WEBSOCKET] Sent: Type=unknown, Size: ?, Duration: 1799ms
2026-02-07 00:34:07,805 - Knowledge - INFO - Fast-tracked /app/data/T0015/317339/b5823z3/ts-node-317339/node14/tsconfig.json (ext=.json, size=50)
2026-02-07 00:34:07,882 - Knowledge - INFO - Fast-tracked /app/data/T0015/317339/b5823z3/ts-node-317339/dist-raw/node-nativemodule.js (ext=.js, size=246)
2026-02-07 00:34:07,995 - Knowledge - INFO - Worker kw15 processing /app/data/T0015/317339/b5823z3/ts-node-317339/website/types/lib_greeter.ts
2026-02-07 00:34:08,066 - Knowledge - INFO - Worker kw18 processing /app/data/T0015/317339/b5823z3/ts-node-317339/transpilers/swc-experimental.js
2026-02-07 00:34:08,175 - Knowledge - INFO - Fast-tracked /app/data/T0015/317339/b5823z3/ts-node-317339/website/readme-sources/prefix.md (ext=.md, size=1280)
2026-02-07 00:34:08,266 - Knowledge - INFO - Fast-tracked /app/data/T0015/317339/b5823z3/ts-node-317339/website/docs/troubleshooting.md (ext=.md, size=7484)
2026-02-07 00:34:08,492 - Knowledge - INFO - Fast-tracked /app/data/T0015/317339/b5823z3/ts-node-317339/dist-raw/node-options.js (small file (2856 bytes))
2026-02-07 00:34:08,570 - Knowledge - INFO - Fast-tracked /app/data/T0015/317339/b5823z3/ts-node-317339/dist-raw/node-internal-constants.js (ext=.js, size=140)
2026-02-07 00:34:08,689 - Knowledge - INFO - process ingested knowledge for /app/data/T0015/317339/b5823z3/ts-node-317339/website/docs/overview.md
2026-02-07 00:34:08,779 - Knowledge - INFO - process ingested knowledge for /app/data/T0015/317339/b5823z3/ts-node-317339/website/docs/api.md
2026-02-07 00:34:08,879 - Knowledge - INFO - process ingested knowledge for /app/data/T0015/317339/b5823z3/ts-node-317339/website/docs/options.md
2026-02-07 00:34:08,941 - Knowledge - INFO - process ingested knowledge for /app/data/T0015/317339/b5823z3/ts-node-317339/node18/tsconfig.json
2026-02-07 00:34:09,012 - Knowledge - INFO - Progress: 88.9% | Files: 359/395 | Rate: 2.23 files/sec | Queue: 0
2026-02-07 00:34:09,014 - Knowledge - INFO - Processing batch of 4 files
2026-02-07 00:34:09,018 - Knowledge - INFO - [WEBSOCKET] Sent: Type=progress_update, Size: 274, Duration: 0ms
2026-02-07 00:34:09,119 - Knowledge - INFO - Worker kw13 processing /app/data/T0015/317339/b5823z3/ts-node-317339/api-extractor.json
2026-02-07 00:34:09,206 - Knowledge - INFO - Worker kw4 processing /app/data/T0015/317339/b5823z3/ts-node-317339/SECURITY.md
2026-02-07 00:34:09,318 - Knowledge - INFO - Fast-tracked /app/data/T0015/317339/b5823z3/ts-node-317339/website/types/lib_greeter.ts (ext=.ts, size=201)
2026-02-07 00:34:09,388 - Knowledge - INFO - Fast-tracked /app/data/T0015/317339/b5823z3/ts-node-317339/transpilers/swc-experimental.js (ext=.js, size=52)
2026-02-07 00:34:09,572 - Knowledge - INFO - Async storage completed for 5 embeddings
2026-02-07 00:34:09,671 - Knowledge - INFO - Fast-tracked /app/data/T0015/317339/b5823z3/ts-node-317339/dist-raw/node-internal-modules-cjs-helpers.js (small file (2666 bytes))
2026-02-07 00:34:09,767 - Knowledge - INFO - Worker kw3 processing /app/data/T0015/317339/b5823z3/ts-node-317339/dist-raw/NODE-LICENSE.md
2026-02-07 00:34:09,846 - Knowledge - INFO - process ingested knowledge for /app/data/T0015/317339/b5823z3/ts-node-317339/website/docs/transpilers.md
2026-02-07 00:34:09,933 - Knowledge - INFO - process ingested knowledge for /app/data/T0015/317339/b5823z3/ts-node-317339/website/docs/scope.md
2026-02-07 00:34:10,033 - Knowledge - INFO - process ingested knowledge for /app/data/T0015/317339/b5823z3/ts-node-317339/website/docs/recipes/visual-studio-code.md
2026-02-07 00:34:10,327 - Knowledge - INFO - process ingested knowledge for /app/data/T0015/317339/b5823z3/ts-node-317339/website/docs/recipes/intellij.md
2026-02-07 00:34:10,414 - Knowledge - INFO - Processing batch of 4 files
2026-02-07 00:34:10,415 - Knowledge - INFO - [WEBSOCKET] Sent: Type=unknown, Size: ?, Duration: 1397ms
2026-02-07 00:34:10,497 - Knowledge - INFO - Fast-tracked /app/data/T0015/317339/b5823z3/ts-node-317339/api-extractor.json (ext=.json, size=14302)
2026-02-07 00:34:10,591 - Knowledge - INFO - Fast-tracked /app/data/T0015/317339/b5823z3/ts-node-317339/SECURITY.md (ext=.md, size=212)
2026-02-07 00:34:10,694 - Knowledge - INFO - Async storage completed for 5 embeddings
2026-02-07 00:34:10,784 - Knowledge - INFO - Worker kw18 processing /app/data/T0015/317339/b5823z3/ts-node-317339/CONTRIBUTING.md
2026-02-07 00:34:11,070 - Knowledge - INFO - Fast-tracked /app/data/T0015/317339/b5823z3/ts-node-317339/dist-raw/NODE-LICENSE.md (ext=.md, size=1168)
2026-02-07 00:34:11,175 - Knowledge - INFO - process ingested knowledge for /app/data/T0015/317339/b5823z3/ts-node-317339/website/docs/installation.md
2026-02-07 00:34:11,252 - Knowledge - INFO - process ingested knowledge for /app/data/T0015/317339/b5823z3/ts-node-317339/website/docs/compilers.md
2026-02-07 00:34:11,312 - Knowledge - INFO - Async storage completed for 5 embeddings
2026-02-07 00:34:11,331 - Knowledge - INFO - process ingested knowledge for /app/data/T0015/317339/b5823z3/ts-node-317339/website/docs/recipes/watching-and-restarting.md
2026-02-07 00:34:11,429 - Knowledge - INFO - process ingested knowledge for /app/data/T0015/317339/b5823z3/ts-node-317339/website/docs/recipes/other.md
2026-02-07 00:34:11,529 - Knowledge - INFO - process ingested knowledge for /app/data/T0015/317339/b5823z3/ts-node-317339/tests/esm-node-resolver/index.ts
2026-02-07 00:34:11,603 - Knowledge - INFO - Progress: 90.9% | Files: 363/395 | Rate: 2.21 files/sec | Queue: 0
2026-02-07 00:34:11,605 - Knowledge - INFO - Processing batch of 4 files
2026-02-07 00:34:11,693 - Knowledge - INFO - Async storage completed for 5 embeddings
2026-02-07 00:34:11,889 - Knowledge - INFO - Processing batch of 4 files
2026-02-07 00:34:11,931 - Knowledge - INFO - Fast-tracked /app/data/T0015/317339/b5823z3/ts-node-317339/CONTRIBUTING.md (ext=.md, size=6382)
2026-02-07 00:34:11,998 - Knowledge - INFO - Async storage completed for 4 embeddings
2026-02-07 00:34:12,587 - Knowledge - INFO - process ingested knowledge for /app/data/T0015/317339/b5823z3/ts-node-317339/website/docs/recipes/npx-and-yarn-dlx.md
2026-02-07 00:34:12,746 - Knowledge - INFO - process ingested knowledge for /app/data/T0015/317339/b5823z3/ts-node-317339/website/docs/recipes/mocha.md
2026-02-07 00:34:12,835 - Knowledge - INFO - process ingested knowledge for /app/data/T0015/317339/b5823z3/ts-node-317339/tests/2076/tsconfig.json
2026-02-07 00:34:12,836 - Knowledge - INFO - [WEBSOCKET] Sent: Type=progress_update, Size: 274, Duration: 0ms
2026-02-07 00:34:12,901 - Knowledge - INFO - process ingested knowledge for /app/data/T0015/317339/b5823z3/ts-node-317339/website/docs/configuration.md
2026-02-07 00:34:12,979 - Knowledge - INFO - Async storage completed for 4 embeddings
2026-02-07 00:34:13,235 - Knowledge - INFO - process ingested knowledge for /app/data/T0015/317339/b5823z3/ts-node-317339/website/docs/recipes/tape.md
2026-02-07 00:34:13,247 - Knowledge - INFO - process ingested knowledge for /app/data/T0015/317339/b5823z3/ts-node-317339/website/docs/recipes/ava.md
2026-02-07 00:34:13,314 - Knowledge - INFO - process ingested knowledge for /app/data/T0015/317339/b5823z3/ts-node-317339/website/scripts/build-readme.mjs
2026-02-07 00:34:13,407 - Knowledge - INFO - Processing batch of 4 files
2026-02-07 00:34:13,408 - Knowledge - INFO - [WEBSOCKET] Sent: Type=unknown, Size: ?, Duration: 572ms
2026-02-07 00:34:13,489 - Knowledge - INFO - process ingested knowledge for /app/data/T0015/317339/b5823z3/ts-node-317339/website/docs/paths.md
2026-02-07 00:34:13,729 - Knowledge - INFO - Fast-tracked /app/data/T0015/317339/b5823z3/ts-node-317339/dist-raw/node-primordials.js (small file (2306 bytes))
2026-02-07 00:34:13,761 - Knowledge - INFO - process ingested knowledge for /app/data/T0015/317339/b5823z3/ts-node-317339/website/docs/recipes/gulp.md
2026-02-07 00:34:13,869 - Knowledge - INFO - process ingested knowledge for /app/data/T0015/317339/b5823z3/ts-node-317339/website/src/pages/index.js
2026-02-07 00:34:13,892 - Knowledge - INFO - Async storage completed for 4 embeddings
2026-02-07 00:34:13,937 - Knowledge - INFO - process ingested knowledge for /app/data/T0015/317339/b5823z3/ts-node-317339/api-extractor/ts-node.api.md
2026-02-07 00:34:14,019 - Knowledge - INFO - Progress: 92.9% | Files: 374/395 | Rate: 2.23 files/sec | Queue: 0
2026-02-07 00:34:14,055 - Knowledge - INFO - Async storage completed for 4 embeddings
2026-02-07 00:34:14,088 - Knowledge - INFO - Processing batch of 4 files
2026-02-07 00:34:14,095 - Knowledge - INFO - Processing batch of 4 files
2026-02-07 00:34:14,112 - Knowledge - INFO - process ingested knowledge for /app/data/T0015/317339/b5823z3/ts-node-317339/website/babel.config.js
2026-02-07 00:34:14,181 - Knowledge - INFO - Async storage completed for 4 embeddings
2026-02-07 00:34:14,298 - Knowledge - INFO - process ingested knowledge for /app/data/T0015/317339/b5823z3/ts-node-317339/website/docs/troubleshooting.md
2026-02-07 00:34:14,569 - Knowledge - INFO - process ingested knowledge for /app/data/T0015/317339/b5823z3/ts-node-317339/tsconfig.build-dist-raw.json
2026-02-07 00:34:14,821 - Knowledge - INFO - process ingested knowledge for /app/data/T0015/317339/b5823z3/ts-node-317339/node10/tsconfig.json
2026-02-07 00:34:14,890 - Knowledge - INFO - process ingested knowledge for /app/data/T0015/317339/b5823z3/ts-node-317339/dist-raw/runmain-hack.js
2026-02-07 00:34:14,993 - Knowledge - INFO - process ingested knowledge for /app/data/T0015/317339/b5823z3/ts-node-317339/website/types/lib_greeter.ts
2026-02-07 00:34:15,309 - Knowledge - INFO - process ingested knowledge for /app/data/T0015/317339/b5823z3/ts-node-317339/node14/tsconfig.json
2026-02-07 00:34:15,385 - Knowledge - INFO - [LLM_CALL] Completed: docusaurus.config.js:chunk1, Duration: 4971ms, PromptTokens: 3804, CompletionTokens: 244, Cost: $0.00048
2026-02-07 00:34:15,535 - Knowledge - INFO - process ingested knowledge for /app/data/T0015/317339/b5823z3/ts-node-317339/transpilers/swc.js
2026-02-07 00:34:15,565 - Knowledge - INFO - process ingested knowledge for /app/data/T0015/317339/b5823z3/ts-node-317339/dist-raw/node-internal-modules-package_json_reader.js
2026-02-07 00:34:15,669 - Knowledge - INFO - process ingested knowledge for /app/data/T0015/317339/b5823z3/ts-node-317339/api-extractor.json
2026-02-07 00:34:15,742 - Knowledge - INFO - done ingest for /app/data/T0015/317339/b5823z3/ts-node-317339/website/docusaurus.config.js
2026-02-07 00:34:15,895 - Knowledge - INFO - process ingested knowledge for /app/data/T0015/317339/b5823z3/ts-node-317339/transpilers/swc-experimental.js
2026-02-07 00:34:16,276 - Knowledge - INFO - [WEBSOCKET] Sent: Type=progress_update, Size: 273, Duration: 0ms
2026-02-07 00:34:16,328 - Knowledge - INFO - process ingested knowledge for /app/data/T0015/317339/b5823z3/ts-node-317339/dist-raw/node-internal-constants.js
2026-02-07 00:34:16,487 - Knowledge - INFO - [WEBSOCKET] Sent: Type=unknown, Size: ?, Duration: 211ms
2026-02-07 00:34:16,607 - Knowledge - INFO - process ingested knowledge for /app/data/T0015/317339/b5823z3/ts-node-317339/CONTRIBUTING.md
2026-02-07 00:34:16,693 - Knowledge - INFO - process ingested knowledge for /app/data/T0015/317339/b5823z3/ts-node-317339/dist-raw/NODE-LICENSE.md
2026-02-07 00:34:16,698 - Knowledge - INFO - Progress: 96.2% | Files: 382/395 | Rate: 2.23 files/sec | Queue: 0
2026-02-07 00:34:16,945 - Knowledge - INFO - Processing batch of 4 files
2026-02-07 00:34:17,156 - Knowledge - INFO - process ingested knowledge for /app/data/T0015/317339/b5823z3/ts-node-317339/website/docusaurus.config.js
2026-02-07 00:34:18,439 - Knowledge - INFO - process ingested knowledge for /app/data/T0015/317339/b5823z3/ts-node-317339/website/README.md
2026-02-07 00:34:18,666 - Knowledge - INFO - [LLM_CALL] Completed: node-internal-modules-esm-get_format.js:chunk1, Duration: 7062ms, PromptTokens: 2584, CompletionTokens: 301, Cost: $0.00038
2026-02-07 00:34:18,855 - Knowledge - INFO - process ingested knowledge for /app/data/T0015/317339/b5823z3/ts-node-317339/website/readme-sources/license.md
2026-02-07 00:34:18,884 - Knowledge - INFO - done ingest for /app/data/T0015/317339/b5823z3/ts-node-317339/dist-raw/node-internal-modules-esm-get_format.js
2026-02-07 00:34:19,294 - Knowledge - INFO - [LLM_CALL] Completed: node-internal-errors.js:chunk1, Duration: 7536ms, PromptTokens: 2744, CompletionTokens: 411, Cost: $0.00044
2026-02-07 00:34:19,699 - Knowledge - INFO - done ingest for /app/data/T0015/317339/b5823z3/ts-node-317339/dist-raw/node-internal-errors.js
2026-02-07 00:34:19,699 - Knowledge - INFO - [LLM_CALL] Completed: node-internal-repl-await.js:chunk1, Duration: 8094ms, PromptTokens: 4632, CompletionTokens: 451, Cost: $0.00064
2026-02-07 00:34:19,715 - Knowledge - INFO - process ingested knowledge for /app/data/T0015/317339/b5823z3/ts-node-317339/website/readme-sources/prefix.md
2026-02-07 00:34:19,948 - Knowledge - INFO - done ingest for /app/data/T0015/317339/b5823z3/ts-node-317339/dist-raw/node-internal-repl-await.js
2026-02-07 00:34:19,976 - Knowledge - INFO - Processing batch of 4 files
2026-02-07 00:34:20,279 - Knowledge - INFO - process ingested knowledge for /app/data/T0015/317339/b5823z3/ts-node-317339/dist-raw/node-internal-errors.js
2026-02-07 00:34:20,742 - Knowledge - INFO - process ingested knowledge for /app/data/T0015/317339/b5823z3/ts-node-317339/dist-raw/README.md
2026-02-07 00:34:20,911 - Knowledge - INFO - process ingested knowledge for /app/data/T0015/317339/b5823z3/ts-node-317339/dist-raw/node-nativemodule.js
2026-02-07 00:34:21,069 - Knowledge - INFO - process ingested knowledge for /app/data/T0015/317339/b5823z3/ts-node-317339/SECURITY.md
2026-02-07 00:34:22,833 - Knowledge - INFO - [LLM_CALL] Completed: node-internal-modules-esm-resolve.js:chunk1, Duration: 13819ms, PromptTokens: 16452, CompletionTokens: 735, Cost: $0.00194
2026-02-07 00:34:23,020 - Knowledge - INFO - done ingest for /app/data/T0015/317339/b5823z3/ts-node-317339/dist-raw/node-internal-modules-esm-resolve.js
2026-02-07 00:34:23,266 - Knowledge - INFO - Processing batch of 4 files
2026-02-07 00:34:23,455 - Knowledge - INFO - process ingested knowledge for /app/data/T0015/317339/b5823z3/ts-node-317339/dist-raw/node-internal-modules-esm-resolve.js
2026-02-07 00:34:23,634 - Knowledge - INFO - process ingested knowledge for /app/data/T0015/317339/b5823z3/ts-node-317339/dist-raw/node-internal-modules-esm-get_format.js
2026-02-07 00:34:23,831 - Knowledge - INFO - process ingested knowledge for /app/data/T0015/317339/b5823z3/ts-node-317339/dist-raw/node-primordials.js
2026-02-07 00:34:24,005 - Knowledge - INFO - process ingested knowledge for /app/data/T0015/317339/b5823z3/ts-node-317339/dist-raw/node-internalBinding-fs.js
2026-02-07 00:34:24,509 - Knowledge - INFO - [WEBSOCKET] Sent: Type=progress_update, Size: 274, Duration: 0ms
2026-02-07 00:34:24,678 - Knowledge - INFO - [WEBSOCKET] Sent: Type=unknown, Size: ?, Duration: 169ms
2026-02-07 00:34:24,873 - Knowledge - INFO - Progress: 99.0% | Files: 391/395 | Rate: 2.17 files/sec | Queue: 0
2026-02-07 00:34:26,528 - Knowledge - INFO - [LLM_CALL] Completed: node-internal-modules-cjs-loader.js:chunk1, Duration: 18944ms, PromptTokens: 10298, CompletionTokens: 1280, Cost: $0.00154
2026-02-07 00:34:26,718 - Knowledge - INFO - done ingest for /app/data/T0015/317339/b5823z3/ts-node-317339/dist-raw/node-internal-modules-cjs-loader.js
2026-02-07 00:34:26,961 - Knowledge - INFO - Processing batch of 4 files
2026-02-07 00:34:27,165 - Knowledge - INFO - process ingested knowledge for /app/data/T0015/317339/b5823z3/ts-node-317339/dist-raw/node-internal-modules-cjs-loader.js
2026-02-07 00:34:27,337 - Knowledge - INFO - process ingested knowledge for /app/data/T0015/317339/b5823z3/ts-node-317339/dist-raw/node-options.js
2026-02-07 00:34:27,506 - Knowledge - INFO - process ingested knowledge for /app/data/T0015/317339/b5823z3/ts-node-317339/dist-raw/node-internal-modules-cjs-helpers.js
2026-02-07 00:34:27,707 - Knowledge - INFO - process ingested knowledge for /app/data/T0015/317339/b5823z3/ts-node-317339/dist-raw/node-internal-repl-await.js
2026-02-07 00:34:28,217 - Knowledge - INFO - Knowledge creation complete
2026-02-07 00:34:28,399 - Knowledge - INFO - ==================================================
2026-02-07 00:34:28,588 - Knowledge - INFO - KNOWLEDGE GRAPH GENERATION PERFORMANCE SUMMARY
2026-02-07 00:34:28,797 - Knowledge - INFO - ==================================================
2026-02-07 00:34:28,963 - Knowledge - INFO - Total processing time: 183.62 seconds (3.06 minutes)
2026-02-07 00:34:29,138 - Knowledge - INFO - Files processed: 0
2026-02-07 00:34:29,365 - Knowledge - INFO - Processing rate: 0.00 files/second
2026-02-07 00:34:29,548 - Knowledge - INFO - 
[TIME_BREAKDOWN]
2026-02-07 00:34:29,715 - Knowledge - INFO - File Reading: 0.00s (0.0%)
2026-02-07 00:34:29,894 - Knowledge - INFO - LLM Processing: 732.73s (399.1%)
2026-02-07 00:34:30,097 - Knowledge - INFO - MongoDB Operations: 0.00s (0.0%)
2026-02-07 00:34:30,305 - Knowledge - INFO - Redis Operations: 0.00s (0.0%)
2026-02-07 00:34:30,477 - Knowledge - INFO - WebSocket Communication: 38.38s (20.9%)
2026-02-07 00:34:30,669 - Knowledge - INFO - 
[LLM_STATS]
2026-02-07 00:34:30,833 - Knowledge - INFO - Total LLM calls: 31
2026-02-07 00:34:30,997 - Knowledge - INFO - Average LLM response time: 23636ms
2026-02-07 00:34:31,132 - Knowledge - INFO - Average prompt tokens: 10350.4
2026-02-07 00:34:31,281 - Knowledge - INFO - Average completion tokens: 690.5
2026-02-07 00:34:31,452 - Knowledge - INFO - Total prompt tokens: 320862
2026-02-07 00:34:31,644 - Knowledge - INFO - Total completion tokens: 21406
2026-02-07 00:34:31,863 - Knowledge - INFO - Total LLM cost: $0.0406
2026-02-07 00:34:32,054 - Knowledge - INFO - 
[DATABASE_STATS]
2026-02-07 00:34:32,228 - Knowledge - INFO - MongoDB operations: 0
2026-02-07 00:34:32,392 - Knowledge - INFO - Redis operations: 0
2026-02-07 00:34:32,582 - Knowledge - INFO - 
[COMMUNICATION_STATS]
2026-02-07 00:34:32,775 - Knowledge - INFO - WebSocket messages sent: 45
2026-02-07 00:34:32,953 - Knowledge - INFO - Average message size: 143.2 bytes
2026-02-07 00:34:33,141 - Knowledge - INFO - 
[WORKER_STATS]
2026-02-07 00:34:33,282 - Knowledge - INFO - 
[FILE_TYPE_STATS]
2026-02-07 00:34:33,481 - Knowledge - INFO - 
[SLOWEST_FILES]
2026-02-07 00:34:33,688 - Knowledge - INFO - ==================================================
2026-02-07 00:34:33,874 - Knowledge - INFO - ==================================================
2026-02-07 00:34:34,041 - Knowledge - INFO - KNOWLEDGE GRAPH GENERATION PERFORMANCE SUMMARY
2026-02-07 00:34:34,230 - Knowledge - INFO - ==================================================
2026-02-07 00:34:34,472 - Knowledge - INFO - Total processing time: 189.16 seconds (3.15 minutes)
2026-02-07 00:34:34,667 - Knowledge - INFO - Files processed: 395 of 395
2026-02-07 00:34:34,842 - Knowledge - INFO - Processing rate: 2.09 files/second
2026-02-07 00:34:34,988 - Knowledge - INFO - WebSocket messages sent: 22
2026-02-07 00:34:35,135 - Knowledge - INFO - MongoDB operations: 395
2026-02-07 00:34:35,363 - Knowledge - INFO - Average MongoDB ops per file: 1.00
2026-02-07 00:34:35,559 - Knowledge - INFO - LLM costs: $0.0406
2026-02-07 00:34:35,709 - Knowledge - INFO - Prompt tokens: 320862
2026-02-07 00:34:35,872 - Knowledge - INFO - Completion tokens: 21406
2026-02-07 00:34:36,014 - Knowledge - INFO - Updating org costs, total cost: 0.04064860000000001
2026-02-07 00:34:37,196 - Knowledge - INFO - [WEBSOCKET] Sent: Type=progress_update, Size: 268, Duration: 0ms
2026-02-07 00:34:37,352 - Knowledge - INFO - Saving knowledge to Redis...
2026-02-07 00:34:37,916 - Knowledge - INFO - Knowledge saved to Redis successfully
